UTCDateTime,mac_address,firmware_ver,hardware,current_temp_f,current_humidity,current_dewpoint_f,pressure,adc,mem,rssi,uptime,pm1_0_cf_1,pm2_5_cf_1,pm10_0_cf_1,pm1_0_atm,pm2_5_atm,pm10_0_atm,pm2.5_aqi_cf_1,pm2.5_aqi_atm,p_0_3_um,p_0_5_um,p_1_0_um,p_2_5_um,p_5_0_um,p_10_0_um,pm1_0_cf_1_b,pm2_5_cf_1_b,pm10_0_cf_1_b,pm1_0_atm_b,pm2_5_atm_b,pm10_0_atm_b,pm2.5_aqi_cf_1_b,pm2.5_aqi_atm_b,p_0_3_um_b,p_0_5_um_b,p_1_0_um_b,p_2_5_um_b,p_5_0_um_b,p_10_0_um_b,gas
2023/08/17T00:01:36z,a8:48:fa:ca:a1:15,7.02,2.0+OPENLOG+15980 MB+DS3231+BME280+PMSX003-B+PMSX003-A,92,47,69,1001.12,0.02,13968,-74,49453,17.80,26.17,32.96,17.80,26.17,32.96,81,81,2971.83,869.37,190.19,27.26,3.22,2.74,16.57,23.95,27.54,16.57,23.95,27.54,76,76,2942.04,804.21,147.88,16.46,3.89,1.54
2023/08/17T00:03:33z,a8:48:fa:ca:a1:15,7.02,2.0+OPENLOG+15980 MB+DS3231+BME280+PMSX003-B+PMSX003-A,92,47,69,1001.13,0.02,13968,-74,49570,17.28,23.93,27.35,17.28,23.93,27.35,76,76,2891.00,836.31,169.43,12.48,2.52,1.78,16.53,24.22,30.53,16.53,24.22,30.53,77,77,2904.05,806.90,154.34,22.10,9.08,3.49
2023/08/17T00:05:33z,a8:48:fa:ca:a1:15,7.02,2.0+OPENLOG+15980 MB+DS3231+BME280+PMSX003-B+PMSX003-A,92,47,69,1001.20,0.02,13968,-74,49690,17.41,25.55,30.31,17.41,25.55,30.31,80,80,2994.36,867.41,178.16,17.76,2.86,2.38,16.80,24.57,28.89,16.80,24.57,28.89,78,78,2960.68,826.20,152.32,17.54,5.79,3.00
2023/08/17T00:07:33z,a8:48:fa:ca:a1:15,7.02,2.0+OPENLOG+15980 MB+DS3231+BME280+PMSX003-B+PMSX003-A,92,47,69,1001.26,0.02,13968,-75,49810,19.31,28.17,33.88,18.98,27.93,33.88,85,85,3239.34,933.12,207.88,22.17,3.56,2.37,17.49,25.55,32.31,17.49,25.55,32.31,80,80,3150.98,870.18,164.82,19.78,10.22,3.20
2023/08/17T00:09:33z,a8:48:fa:ca:a1:15,7.02,2.0+OPENLOG+15980 MB+DS3231+BME280+PMSX003-B+PMSX003-A,92,47,69,1001.26,0.02,13968,-74,49930,17.42,23.95,27.67,17.42,23.95,27.67,76,76,2967.89,855.96,156.61,14.98,2.00,1.30,17.00,24.69,34.00,17.00,24.69,34.00,78,78,3001.24,829.60,155.22,28.83,12.55,4.79
2023/08/17T00:11:33z,a8:48:fa:ca:a1:15,7.02,2.0+OPENLOG+15980 MB+DS3231+BME280+PMSX003-B+PMSX003-A,92,47,69,1001.23,0.02,13968,-74,50050,17.62,26.15,29.58,17.62,26.15,29.58,81,81,2995.25,874.83,180.55,15.51,2.72,2.23,17.64,25.16,35.98,17.64,25.16,35.95,79,79,3087.55,852.29,168.11,29.35,17.09,4.07
2023/08/17T00:13:33z,a8:48:fa:ca:a1:15,7.02,2.0+OPENLOG+15980 MB+DS3231+BME280+PMSX003-B+PMSX003-A,92,47,69,1001.23,0.02,13968,-74,50170,16.81,24.45,30.83,16.81,24.45,30.83,78,78,2929.60,849.17,186.52,21.07,3.38,2.55,16.59,23.41,30.20,16.59,23.41,30.20,75,75,2980.67,812.69,148.93,21.85,9.63,1.96
2023/08/17T00:15:33z,a8:48:fa:ca:a1:15,7.02,2.0+OPENLOG+15980 MB+DS3231+BME280+PMSX003-B+PMSX003-A,92,47,69,1001.25,0.02,13968,-74,50290,16.44,24.71,30.68,16.44,24.71,30.68,78,78,2871.31,831.78,180.69,23.63,3.36,2.51,17.45,24.55,32.89,17.45,24.55,32.89,78,78,3052.55,843.93,149.61,23.68,12.29,5.07
2023/08/17T00:17:33z,a8:48:fa:ca:a1:15,7.02,2.0+OPENLOG+15980 MB+DS3231+BME280+PMSX003-B+PMSX003-A,92,47,69,1001.21,0.02,13968,-75,50410,17.00,24.05,29.77,17.00,24.05,29.77,77,77,2936.37,846.33,172.00,19.26,3.09,2.25,17.09,24.39,33.02,17.09,24.39,33.00,77,77,2997.68,833.84,166.88,22.25,11.75,5.44
2023/08/17T00:19:33z,a8:48:fa:ca:a1:15,7.02,2.0+OPENLOG+15980 MB+DS3231+BME280+PMSX003-B+PMSX003-A,92,47,69,1001.26,0.02,13968,-73,50530,17.46,26.31,32.61,17.43,26.17,32.61,81,81,3055.83,877.20,180.52,24.37,5.70,3.11,16.45,23.76,31.48,16.45,23.76,31.48,76,76,2972.22,814.34,148.71,21.00,11.14,4.93
2023/08/17T00:21:33z,a8:48:fa:ca:a1:15,7.02,2.0+OPENLOG+15980 MB+DS3231+BME280+PMSX003-B+PMSX003-A,92,47,69,1001.30,0.02,13968,-75,50650,16.96,25.44,33.96,16.96,25.44,33.96,80,80,2938.38,853.73,195.75,28.52,5.00,4.08,17.27,24.41,30.96,17.27,24.41,30.96,77,77,3026.41,834.80,156.70,21.54,10.07,1.93
2023/08/17T00:23:33z,a8:48:fa:ca:a1:15,7.02,2.0+OPENLOG+15980 MB+DS3231+BME280+PMSX003-B+PMSX003-A,92,47,69,1001.36,0.02,13968,-74,50770,17.20,25.00,27.17,17.20,25.00,27.17,79,79,2893.73,841.64,177.97,9.59,1.49,1.12,17.13,25.50,30.63,17.13,25.50,30.63,80,80,3006.33,834.00,165.85,20.93,7.19,1.85
2023/08/17T00:25:33z,a8:48:fa:ca:a1:15,7.02,2.0+OPENLOG+15980 MB+DS3231+BME280+PMSX003-B+PMSX003-A,92,47,69,1001.42,0.02,13968,-74,50890,17.22,24.70,30.43,17.22,24.70,30.43,78,78,2948.44,849.02,167.26,26.15,1.81,1.04,17.18,25.04,33.50,17.18,25.04,33.50,79,79,2987.04,836.41,168.48,26.39,12.68,3.43
2023/08/17T00:27:33z,a8:48:fa:ca:a1:15,7.02,2.0+OPENLOG+15980 MB+DS3231+BME280+PMSX003-B+PMSX003-A,92,47,69,1001.43,0.02,13968,-74,51010,17.32,24.82,32.11,17.32,24.82,32.11,78,78,2957.25,861.25,178.07,25.86,3.29,1.54,16.58,24.46,28.12,16.58,24.46,28.12,78,78,2859.26,805.46,149.37,19.16,5.58,0.88
2023/08/17T00:29:33z,a8:48:fa:ca:a1:15,7.02,2.0+OPENLOG+15980 MB+DS3231+BME280+PMSX003-B+PMSX003-A,92,47,69,1001.40,0.02,13968,-74,51130,17.42,26.24,31.75,17.42,26.24,31.75,81,81,3033.65,872.13,192.00,22.87,2.55,2.22,17.02,24.46,28.23,17.02,24.46,28.23,78,78,3021.96,826.98,150.75,15.39,3.57,2.29
2023/08/17T00:31:33z,a8:48:fa:ca:a1:15,7.02,2.0+OPENLOG+15980 MB+DS3231+BME280+PMSX003-B+PMSX003-A,92,47,69,1001.46,0.02,13968,-75,51250,17.95,25.64,31.91,17.95,25.64,31.91,80,80,3039.00,872.46,183.75,24.39,2.46,1.68,17.89,24.81,32.74,17.89,24.81,32.74,78,78,3100.11,855.89,161.80,21.67,12.11,1.07
2023/08/17T00:33:33z,a8:48:fa:ca:a1:15,7.02,2.0+OPENLOG+15980 MB+DS3231+BME280+PMSX003-B+PMSX003-A,92,47,69,1001.45,0.02,13968,-74,51370,16.91,24.58,27.51,16.91,24.58,27.51,78,78,2902.05,822.60,172.53,14.04,3.33,2.11,16.68,24.34,30.59,16.68,24.34,30.59,77,77,2947.98,811.80,153.34,23.39,8.82,1.54
2023/08/17T00:35:33z,a8:48:fa:ca:a1:15,7.02,2.0+OPENLOG+15980 MB+DS3231+BME280+PMSX003-B+PMSX003-A,92,47,69,1001.43,0.02,13968,-74,51490,17.76,25.11,31.39,17.76,25.11,31.39,79,79,2988.61,860.50,171.11,22.00,3.93,2.93,17.71,24.76,35.43,17.71,24.76,35.43,78,78,3105.10,863.52,165.03,27.86,15.72,3.66
2023/08/17T00:37:33z,a8:48:fa:ca:a1:15,7.02,2.0+OPENLOG+15980 MB+DS3231+BME280+PMSX003-B+PMSX003-A,92,47,69,1001.47,0.02,13968,-74,51610,17.85,25.40,29.49,17.85,25.40,29.49,80,80,3052.09,872.38,179.40,17.71,1.56,0.69,16.38,23.91,30.21,16.38,23.91,30.21,76,76,2918.36,812.52,157.34,20.39,9.79,2.61
2023/08/17T00:39:33z,a8:48:fa:ca:a1:15,7.02,2.0+OPENLOG+15980 MB+DS3231+BME280+PMSX003-B+PMSX003-A,92,47,69,1001.54,0.02,13968,-74,51730,17.68,26.18,33.41,17.57,26.18,33.41,81,81,3043.45,879.21,199.82,25.29,3.64,2.61,17.13,23.80,32.57,17.13,23.80,32.57,76,76,2974.39,827.41,153.09,21.11,14.04,2.52
2023/08/17T00:41:33z,a8:48:fa:ca:a1:15,7.02,2.0+OPENLOG+15980 MB+DS3231+BME280+PMSX003-B+PMSX003-A,92,47,69,1001.52,0.02,13968,-75,51850,18.29,25.50,28.68,18.16,25.50,28.68,80,80,3007.45,865.00,176.20,12.50,3.96,3.00,16.82,24.07,30.54,16.82,24.07,30.54,77,77,2957.41,816.20,152.38,23.11,8.68,1.64
2023/08/17T00:43:33z,a8:48:fa:ca:a1:15,7.02,2.0+OPENLOG+15980 MB+DS3231+BME280+PMSX003-B+PMSX003-A,92,47,69,1001.54,0.02,13968,-74,51970,17.98,25.47,30.35,17.93,25.47,30.35,80,80,3041.24,881.27,166.24,20.15,3.31,2.22,17.78,24.52,29.71,17.78,24.52,29.71,78,78,3037.29,850.12,155.28,14.69,6.83,4.79
2023/08/17T00:45:33z,a8:48:fa:ca:a1:15,7.02,2.0+OPENLOG+15980 MB+DS3231+BME280+PMSX003-B+PMSX003-A,92,47,69,1001.58,0.02,13968,-74,52090,18.17,25.81,31.37,18.15,25.81,31.37,80,80,3034.33,883.54,177.48,21.63,2.59,1.89,16.21,22.86,29.38,16.21,22.86,29.38,74,74,2855.43,788.29,136.07,19.48,8.45,5.10
2023/08/17T00:47:33z,a8:48:fa:ca:a1:15,7.02,2.0+OPENLOG+15980 MB+DS3231+BME280+PMSX003-B+PMSX003-A,92,47,69,1001.59,0.02,13968,-74,52210,17.79,25.28,29.98,17.79,25.28,29.98,79,79,3013.00,864.11,173.60,20.49,2.49,2.39,16.16,23.24,31.09,16.16,23.24,31.09,75,75,2886.87,802.71,145.91,23.42,12.29,2.04
2023/08/17T00:49:34z,a8:48:fa:ca:a1:15,7.02,2.0+OPENLOG+15980 MB+DS3231+BME280+PMSX003-B+PMSX003-A,92,47,69,1001.63,0.02,13800,-75,52331,17.80,24.91,31.39,17.80,24.91,31.39,79,79,2989.66,864.98,172.88,22.64,3.75,2.89,16.45,22.51,28.35,16.45,22.51,28.35,73,73,2911.91,796.55,137.98,15.96,6.65,4.65
2023/08/17T00:51:34z,a8:48:fa:ca:a1:15,7.02,2.0+OPENLOG+15980 MB+DS3231+BME280+PMSX003-B+PMSX003-A,92,47,69,1001.63,0.02,13800,-74,52451,17.45,24.88,29.82,17.38,24.88,29.82,78,78,2924.14,852.48,177.54,18.46,2.89,1.54,15.98,22.40,31.27,15.98,22.40,31.27,73,73,2787.05,775.90,147.52,22.60,13.43,4.60
2023/08/17T00:53:34z,a8:48:fa:ca:a1:15,7.02,2.0+OPENLOG+15980 MB+DS3231+BME280+PMSX003-B+PMSX003-A,92,47,69,1001.64,0.02,13968,-74,52571,17.04,24.18,29.91,17.00,24.18,29.91,77,77,2886.75,840.34,169.32,20.21,3.25,2.39,17.42,24.45,30.78,17.42,24.44,30.78,78,77,3010.20,832.55,157.44,19.96,8.04,3.93
2023/08/17T00:55:34z,a8:48:fa:ca:a1:15,7.02,2.0+OPENLOG+15980 MB+DS3231+BME280+PMSX003-B+PMSX003-A,92,47,69,1001.65,0.02,13968,-74,52691,17.49,24.76,27.68,17.49,24.76,27.68,78,78,3044.39,866.36,165.86,12.34,2.20,2.03,17.25,24.23,30.73,17.25,24.23,30.73,77,77,3002.68,827.29,154.30,18.79,9.68,2.61
2023/08/17T00:57:34z,a8:48:fa:ca:a1:15,7.02,2.0+OPENLOG+15980 MB+DS3231+BME280+PMSX003-B+PMSX003-A,92,47,69,1001.64,0.02,13968,-74,52811,17.42,25.75,31.15,17.42,25.75,31.15,80,80,3020.18,864.05,188.09,21.02,4.44,3.13,17.26,24.11,32.12,17.26,24.11,32.12,77,77,3001.63,822.21,158.49,23.75,12.11,2.88
2023/08/17T00:59:34z,a8:48:fa:ca:a1:15,7.02,2.0+OPENLOG+15980 MB+DS3231+BME280+PMSX003-B+PMSX003-A,92,47,69,1001.67,0.02,13968,-74,52931,17.23,24.20,28.95,17.23,24.20,28.95,77,77,2960.89,854.16,166.64,14.82,4.36,3.39,15.98,23.67,32.03,15.98,23.67,32.03,76,76,2884.91,796.10,158.57,25.17,12.83,2.97
2023/08/17T01:01:34z,a8:48:fa:ca:a1:15,7.02,2.0+OPENLOG+15980 MB+DS3231+BME280+PMSX003-B+PMSX003-A,92,47,69,1001.69,0.02,13968,-75,53051,17.88,25.11,31.71,17.88,25.11,31.71,79,79,3018.05,869.54,175.07,22.89,4.54,3.50,16.36,23.16,27.38,16.36,23.16,27.38,75,75,2870.95,788.52,142.09,16.71,4.93,2.75
2023/08/17T01:03:34z,a8:48:fa:ca:a1:15,7.02,2.0+OPENLOG+15980 MB+DS3231+BME280+PMSX003-B+PMSX003-A,92,47,69,1001.72,0.02,13968,-74,53171,16.40,24.34,29.64,16.40,24.33,29.64,77,77,2882.84,828.53,178.22,20.76,3.45,2.38,16.75,23.58,28.84,16.75,23.58,28.84,76,76,2975.45,807.80,150.35,16.40,7.56,1.53
2023/08/17T01:05:34z,a8:48:fa:ca:a1:15,7.02,2.0+OPENLOG+15980 MB+DS3231+BME280+PMSX003-B+PMSX003-A,92,47,69,1001.73,0.02,13968,-74,53291,17.58,24.96,27.89,17.58,24.96,27.89,79,79,2989.42,857.22,174.75,14.40,2.07,1.13,16.20,22.78,30.30,16.20,22.78,30.30,74,74,2857.80,788.55,142.10,22.23,10.67,3.77
2023/08/17T01:07:34z,a8:48:fa:ca:a1:15,7.02,2.0+OPENLOG+15980 MB+DS3231+BME280+PMSX003-B+PMSX003-A,92,47,69,1001.73,0.02,13968,-74,53411,17.13,24.98,30.21,17.13,24.98,30.21,79,79,2924.09,845.47,178.23,21.09,3.25,2.30,16.64,23.83,29.60,16.64,23.83,29.60,76,76,3013.71,816.57,142.31,18.76,7.59,3.86
2023/08/17T01:09:34z,a8:48:fa:ca:a1:15,7.02,2.0+OPENLOG+15980 MB+DS3231+BME280+PMSX003-B+PMSX003-A,92,47,69,1001.76,0.02,13968,-74,53531,17.88,25.98,29.81,17.88,25.98,29.81,81,81,3020.14,874.29,177.49,14.64,4.61,2.92,17.89,25.85,32.98,17.89,25.85,32.93,81,81,3148.72,871.78,156.87,23.26,11.37,1.81
2023/08/17T01:11:34z,a8:48:fa:ca:a1:15,7.02,2.0+OPENLOG+15980 MB+DS3231+BME280+PMSX003-B+PMSX003-A,92,47,69,1001.80,0.02,13968,-74,53651,18.18,27.32,31.74,18.14,27.32,31.74,84,84,3155.21,907.28,194.96,22.42,1.58,0.81,17.93,25.48,31.68,17.91,25.48,31.68,80,80,3107.36,864.29,166.05,22.32,8.50,1.82
2023/08/17T01:13:34z,a8:48:fa:ca:a1:15,7.02,2.0+OPENLOG+15980 MB+DS3231+BME280+PMSX003-B+PMSX003-A,92,47,69,1001.86,0.02,13968,-75,53771,16.79,24.02,29.58,16.79,24.02,29.58,77,77,2857.58,824.43,176.09,14.79,5.89,4.08,17.50,24.88,32.80,17.50,24.88,32.77,78,78,3090.86,851.29,165.07,22.00,11.89,3.68
2023/08/17T01:15:34z,a8:48:fa:ca:a1:15,7.02,2.0+OPENLOG+15980 MB+DS3231+BME280+PMSX003-B+PMSX003-A,92,47,69,1001.88,0.02,13968,-74,53891,17.75,25.14,29.79,17.75,25.14,29.79,79,79,2978.36,849.82,176.48,17.82,2.86,1.89,17.24,24.59,30.53,17.24,24.59,30.53,78,78,3052.81,846.62,149.07,18.97,9.10,2.69
2023/08/17T01:17:34z,a8:48:fa:ca:a1:15,7.02,2.0+OPENLOG+15980 MB+DS3231+BME280+PMSX003-B+PMSX003-A,92,47,69,1001.90,0.02,13968,-74,54011,17.98,24.68,28.21,17.98,24.68,28.21,78,78,2985.58,864.33,173.04,10.95,3.09,1.72,16.34,22.33,32.97,16.34,22.33,32.97,73,73,2894.79,792.90,150.86,25.55,15.52,3.86
2023/08/17T01:19:34z,a8:48:fa:ca:a1:15,7.02,2.0+OPENLOG+15980 MB+DS3231+BME280+PMSX003-B+PMSX003-A,92,47,69,1001.98,0.02,13968,-74,54131,17.04,23.54,27.38,17.04,23.54,27.38,76,76,2887.50,821.41,163.55,12.79,2.46,2.04,16.33,23.09,30.29,16.33,23.09,30.29,75,75,2933.13,804.62,156.51,18.84,9.42,3.71
2023/08/17T01:21:34z,a8:48:fa:ca:a1:15,7.02,2.0+OPENLOG+15980 MB+DS3231+BME280+PMSX003-B+PMSX003-A,92,47,69,1001.98,0.02,13968,-74,54251,18.20,26.32,32.04,18.18,26.32,32.04,82,82,3086.79,891.46,186.12,23.61,2.04,1.46,16.33,23.45,31.16,16.33,23.45,31.16,75,75,2955.62,813.90,154.72,20.45,11.55,2.79
2023/08/17T01:23:34z,a8:48:fa:ca:a1:15,7.02,2.0+OPENLOG+15980 MB+DS3231+BME280+PMSX003-B+PMSX003-A,92,47,69,1002.04,0.02,13968,-74,54371,16.93,24.62,28.14,16.93,24.62,28.14,78,78,2859.72,825.83,173.40,15.52,2.24,1.69,17.05,23.71,30.38,17.05,23.71,30.38,76,76,3022.60,824.09,158.12,19.21,9.38,2.83
2023/08/17T01:25:34z,a8:48:fa:ca:a1:15,7.02,2.0+OPENLOG+15980 MB+DS3231+BME280+PMSX003-B+PMSX003-A,92,47,69,1002.07,0.02,13968,-74,54491,17.51,24.44,28.85,17.51,24.44,28.85,77,77,2979.76,858.11,173.05,16.25,2.98,1.49,16.53,24.39,32.32,16.53,24.39,32.32,77,77,3031.42,830.36,160.24,23.02,11.15,3.93
2023/08/17T01:27:34z,a8:48:fa:ca:a1:15,7.02,2.0+OPENLOG+15980 MB+DS3231+BME280+PMSX003-B+PMSX003-A,92,47,69,1002.06,0.02,13968,-74,54611,17.65,26.14,30.00,17.65,26.14,30.00,81,81,3041.68,884.33,191.04,18.11,1.44,0.67,16.93,24.71,34.24,16.93,24.71,34.24,78,78,3066.33,841.55,155.04,26.22,14.65,3.05
2023/08/17T01:29:34z,a8:48:fa:ca:a1:15,7.02,2.0+OPENLOG+15980 MB+DS3231+BME280+PMSX003-B+PMSX003-A,92,47,69,1002.10,0.02,13968,-74,54731,18.82,26.34,31.45,18.79,26.34,31.45,82,82,3094.23,906.23,183.95,18.04,2.64,1.96,16.75,23.91,33.05,16.75,23.91,33.05,76,76,2967.82,813.67,153.05,24.69,13.16,5.35
2023/08/17T01:31:34z,a8:48:fa:ca:a1:15,7.02,2.0+OPENLOG+15980 MB+DS3231+BME280+PMSX003-B+PMSX003-A,92,47,69,1002.11,0.02,13968,-74,54851,17.08,25.02,30.87,17.08,25.02,30.87,79,79,2927.60,842.29,168.88,24.88,3.04,2.19,16.91,23.59,27.55,16.91,23.59,27.55,76,76,2991.57,812.34,153.02,13.69,4.62,2.62
2023/08/17T01:33:34z,a8:48:fa:ca:a1:15,7.02,2.0+OPENLOG+15980 MB+DS3231+BME280+PMSX003-B+PMSX003-A,92,47,69,1002.14,0.02,13968,-74,54971,17.69,24.31,28.38,17.69,24.31,28.38,77,77,2931.16,844.80,169.18,11.78,4.25,2.87,17.22,23.52,29.59,17.22,23.52,29.59,76,76,3001.60,831.31,141.74,16.83,8.69,2.21
2023/08/17T01:35:34z,a8:48:fa:ca:a1:15,7.02,2.0+OPENLOG+15980 MB+DS3231+BME280+PMSX003-B+PMSX003-A,92,47,69,1002.08,0.02,13968,-75,55091,17.61,25.37,30.19,17.58,25.33,30.19,79,79,2957.42,859.68,185.33,19.58,2.67,1.44,17.40,24.47,34.94,17.40,24.47,34.94,78,78,3002.83,830.43,153.26,30.11,16.91,3.55
2023/08/17T01:37:34z,a8:48:fa:ca:a1:15,7.02,2.0+OPENLOG+15980 MB+DS3231+BME280+PMSX003-B+PMSX003-A,92,47,69,1002.09,0.02,13968,-74,55211,16.78,24.19,29.41,16.78,24.19,29.41,77,77,2903.28,841.48,173.44,22.19,1.48,1.00,16.84,24.51,28.81,16.84,24.51,28.81,78,78,2993.37,818.18,145.42,20.14,5.86,1.12
2023/08/17T01:39:34z,a8:48:fa:ca:a1:15,7.02,2.0+OPENLOG+15980 MB+DS3231+BME280+PMSX003-B+PMSX003-A,92,47,69,1002.08,0.02,13968,-74,55331,16.71,24.27,30.05,16.71,24.27,30.05,77,77,2876.95,833.73,176.93,22.93,3.00,2.04,16.95,24.07,30.27,16.95,24.07,30.27,77,77,2916.05,812.46,157.00,20.46,9.89,1.71
2023/08/17T01:41:34z,a8:48:fa:ca:a1:15,7.02,2.0+OPENLOG+15980 MB+DS3231+BME280+PMSX003-B+PMSX003-A,92,47,69,1002.15,0.02,13968,-74,55451,16.47,24.05,30.36,16.47,24.05,30.36,77,77,2886.76,819.36,177.89,23.64,3.20,2.11,16.27,22.86,30.36,16.27,22.86,30.36,74,74,2857.02,794.70,149.98,20.93,10.54,2.46
2023/08/17T01:43:34z,a8:48:fa:ca:a1:15,7.02,2.0+OPENLOG+15980 MB+DS3231+BME280+PMSX003-B+PMSX003-A,92,47,69,1002.11,0.02,13968,-74,55571,17.09,24.91,30.83,17.09,24.91,30.83,79,79,2884.60,830.55,186.72,23.03,2.76,2.76,16.14,23.84,28.39,16.14,23.84,28.39,76,76,2829.59,792.07,151.68,17.39,5.61,2.79
2023/08/17T01:45:34z,a8:48:fa:ca:a1:15,7.02,2.0+OPENLOG+15980 MB+DS3231+BME280+PMSX003-B+PMSX003-A,92,47,69,1002.11,0.02,13968,-76,55691,17.42,24.58,27.75,17.42,24.58,27.75,78,78,2872.42,834.54,172.81,14.04,1.26,0.98,16.06,22.78,28.33,16.06,22.78,28.33,74,74,2806.83,775.11,136.11,18.41,7.56,4.48
2023/08/17T01:47:34z,a8:48:fa:ca:a1:15,7.02,2.0+OPENLOG+15980 MB+DS3231+BME280+PMSX003-B+PMSX003-A,92,47,69,1002.08,0.02,13968,-74,55811,17.44,25.14,31.02,17.44,25.14,31.02,79,79,2999.89,854.93,174.68,23.54,3.05,2.21,16.51,24.12,33.03,16.51,24.12,33.03,77,77,2982.15,817.49,162.81,25.15,14.85,1.83
2023/08/17T01:49:34z,a8:48:fa:ca:a1:15,7.02,2.0+OPENLOG+15980 MB+DS3231+BME280+PMSX003-B+PMSX003-A,92,47,69,1002.11,0.02,13800,-74,55932,16.61,24.54,31.61,16.61,24.54,31.61,78,78,2889.53,828.74,168.42,26.95,3.51,1.89,16.72,25.75,32.77,16.72,25.75,32.77,80,80,3028.58,819.88,174.75,26.04,9.89,4.04
2023/08/17T01:51:34z,a8:48:fa:ca:a1:15,7.02,2.0+OPENLOG+15980 MB+DS3231+BME280+PMSX003-B+PMSX003-A,92,47,69,1002.13,0.02,13800,-74,56052,17.93,26.33,32.46,17.91,26.33,32.46,82,82,3053.89,886.18,188.51,22.49,3.58,3.12,16.96,24.31,32.94,16.96,24.31,32.94,77,77,3066.67,842.54,163.81,23.85,13.63,1.63
2023/08/17T01:53:34z,a8:48:fa:ca:a1:15,7.02,2.0+OPENLOG+15980 MB+DS3231+BME280+PMSX003-B+PMSX003-A,92,47,69,1002.15,0.02,13968,-74,56172,16.76,25.35,28.49,16.76,25.35,28.49,79,79,2989.15,856.27,174.44,14.44,3.64,3.64,17.71,25.05,32.79,17.71,25.05,32.79,79,79,3045.93,850.26,154.29,23.72,12.07,2.66
2023/08/17T01:55:35z,a8:48:fa:ca:a1:15,7.02,2.0+OPENLOG+15980 MB+DS3231+BME280+PMSX003-B+PMSX003-A,92,47,69,1002.18,0.02,13968,-74,56292,17.81,25.37,29.73,17.75,25.35,29.73,79,79,3033.69,875.12,169.92,18.17,2.73,1.27,16.76,24.78,30.02,16.76,24.78,30.02,78,78,2970.21,814.59,155.05,20.97,7.72,3.21
2023/08/17T01:57:35z,a8:48:fa:ca:a1:15,7.02,2.0+OPENLOG+15980 MB+DS3231+BME280+PMSX003-B+PMSX003-A,92,47,69,1002.16,0.02,13968,-74,56412,16.40,24.20,28.49,16.40,24.20,28.49,77,77,2863.36,816.85,167.22,20.04,2.29,1.24,16.46,24.24,29.04,16.46,24.24,29.04,77,77,3000.89,819.37,160.43,16.30,6.85,3.04
2023/08/17T01:59:35z,a8:48:fa:ca:a1:15,7.02,2.0+OPENLOG+15980 MB+DS3231+BME280+PMSX003-B+PMSX003-A,92,47,69,1002.18,0.02,13968,-77,56532,17.22,24.62,29.80,17.22,24.62,29.80,78,78,2991.38,860.56,172.24,21.38,3.02,2.25,16.67,24.23,31.26,16.67,24.23,31.26,77,77,2933.89,808.70,160.39,19.96,9.47,4.81
2023/08/17T02:01:34z,a8:48:fa:ca:a1:15,7.02,2.0+OPENLOG+15980 MB+DS3231+BME280+PMSX003-B+PMSX003-A,92,47,69,1002.29,0.02,13968,-78,56652,17.50,24.93,30.41,17.50,24.93,30.41,79,79,2967.27,853.95,176.66,19.07,3.75,2.39,16.28,23.54,30.00,16.28,23.54,30.00,76,76,2970.42,813.98,153.54,18.81,9.44,2.56
2023/08/17T02:03:35z,a8:48:fa:ca:a1:15,7.02,2.0+OPENLOG+15980 MB+DS3231+BME280+PMSX003-B+PMSX003-A,92,47,69,1002.34,0.02,13968,-78,56772,17.16,23.96,29.84,17.16,23.96,29.84,76,76,2853.18,826.94,167.88,21.65,3.41,2.27,17.02,23.12,30.86,17.02,23.12,30.86,75,75,3037.53,829.10,142.49,18.88,10.34,4.81
2023/08/17T02:05:35z,a8:48:fa:ca:a1:15,7.02,2.0+OPENLOG+15980 MB+DS3231+BME280+PMSX003-B+PMSX003-A,92,47,69,1002.34,0.02,13968,-78,56892,16.65,23.82,26.90,16.65,23.82,26.90,76,76,2879.95,824.08,167.43,12.20,2.47,2.00,16.23,22.75,26.33,16.23,22.75,26.33,74,74,2900.32,792.96,146.58,12.67,3.86,2.32
2023/08/17T02:07:34z,a8:48:fa:ca:a1:15,7.02,2.0+OPENLOG+15980 MB+DS3231+BME280+PMSX003-B+PMSX003-A,92,47,69,1002.35,0.02,13968,-79,57012,16.18,23.36,27.45,16.18,23.36,27.45,75,75,2864.51,818.58,160.31,17.56,2.69,1.71,16.30,23.61,31.74,16.30,23.61,31.74,76,76,2964.37,813.67,158.37,22.84,11.05,4.14
2023/08/17T02:09:35z,a8:48:fa:ca:a1:15,7.02,2.0+OPENLOG+15980 MB+DS3231+BME280+PMSX003-B+PMSX003-A,92,47,69,1002.37,0.02,13968,-77,57132,17.40,24.78,29.65,17.40,24.78,29.65,78,78,2952.71,857.44,176.85,18.55,2.62,1.67,16.82,22.44,27.98,16.82,22.44,27.98,73,73,2935.37,808.51,137.44,15.23,7.26,1.58
2023/08/17T02:11:34z,a8:48:fa:ca:a1:15,7.02,2.0+OPENLOG+15980 MB+DS3231+BME280+PMSX003-B+PMSX003-A,92,47,69,1002.34,0.02,13968,-78,57252,17.81,26.72,32.09,17.79,26.70,32.09,82,82,3005.43,871.75,187.75,23.40,2.45,2.45,16.70,22.81,28.56,16.70,22.81,28.56,74,74,2917.74,791.00,143.09,16.25,8.28,2.98
2023/08/17T02:13:35z,a8:48:fa:ca:a1:15,7.02,2.0+OPENLOG+15980 MB+DS3231+BME280+PMSX003-B+PMSX003-A,92,47,69,1002.33,0.02,13968,-78,57372,16.80,23.93,27.16,16.80,23.93,27.16,76,76,2934.87,847.62,172.42,13.85,1.20,0.62,16.56,23.72,29.19,16.56,23.72,29.19,76,76,2971.37,812.39,148.61,16.42,7.93,3.30
2023/08/17T02:15:34z,a8:48:fa:ca:a1:15,7.02,2.0+OPENLOG+15980 MB+DS3231+BME280+PMSX003-B+PMSX003-A,92,47,69,1002.38,0.02,13968,-78,57492,17.55,25.41,30.91,17.55,25.41,30.91,80,80,2995.34,857.32,175.55,22.29,3.07,2.43,16.02,24.00,31.02,16.02,24.00,31.02,77,77,2896.85,790.67,156.65,22.00,9.85,3.53
2023/08/17T02:17:35z,a8:48:fa:ca:a1:15,7.02,2.0+OPENLOG+15980 MB+DS3231+BME280+PMSX003-B+PMSX003-A,92,47,69,1002.38,0.02,13968,-78,57612,17.79,25.48,32.12,17.79,25.48,32.12,80,80,2991.54,861.64,189.02,24.61,3.18,1.43,17.29,22.86,29.23,17.29,22.86,29.23,74,74,2936.25,814.88,143.57,15.50,9.93,2.96
2023/08/17T02:19:35z,a8:48:fa:ca:a1:15,7.02,2.0+OPENLOG+15980 MB+DS3231+BME280+PMSX003-B+PMSX003-A,92,47,69,1002.40,0.02,13968,-78,57732,17.29,24.29,28.67,17.29,24.29,28.67,77,77,2928.71,838.91,175.96,16.04,2.29,1.31,17.76,24.62,27.34,17.76,24.62,27.34,78,78,3102.00,856.69,152.71,12.52,3.24,1.48
2023/08/17T02:21:35z,a8:48:fa:ca:a1:15,7.02,2.0+OPENLOG+15980 MB+DS3231+BME280+PMSX003-B+PMSX003-A,92,47,69,1002.35,0.02,13968,-78,57852,16.64,23.52,26.36,16.64,23.52,26.36,76,76,2799.48,807.45,154.45,13.50,2.11,1.64,16.29,23.28,30.55,16.29,23.28,30.50,75,75,3023.28,814.17,158.19,18.97,10.48,2.79
2023/08/17T02:23:35z,a8:48:fa:ca:a1:15,7.02,2.0+OPENLOG+15980 MB+DS3231+BME280+PMSX003-B+PMSX003-A,92,47,69,1002.41,0.02,13968,-77,57972,18.19,25.89,29.09,18.19,25.89,29.09,81,81,3044.89,884.53,168.42,18.00,1.37,0.67,17.18,23.75,27.15,17.18,23.75,27.15,76,76,2967.76,824.69,143.73,11.96,3.85,2.04
2023/08/17T02:25:35z,a8:48:fa:ca:a1:15,7.02,2.0+OPENLOG+15980 MB+DS3231+BME280+PMSX003-B+PMSX003-A,92,47,69,1002.49,0.02,13968,-77,58092,17.43,25.80,30.11,17.38,25.80,30.11,80,80,2924.14,848.68,188.16,19.46,1.29,1.29,16.40,23.26,32.42,16.40,23.26,32.42,75,75,2945.77,812.40,158.30,23.28,14.34,2.64
2023/08/17T02:27:35z,a8:48:fa:ca:a1:15,7.02,2.0+OPENLOG+15980 MB+DS3231+BME280+PMSX003-B+PMSX003-A,92,47,69,1002.52,0.02,13968,-77,58212,17.26,23.72,27.72,17.26,23.72,27.72,76,76,2906.83,833.70,163.17,14.60,2.00,1.47,17.64,25.36,32.29,17.64,25.36,32.29,79,79,3131.49,863.80,162.78,20.68,10.07,2.95
2023/08/17T02:29:35z,a8:48:fa:ca:a1:15,7.02,2.0+OPENLOG+15980 MB+DS3231+BME280+PMSX003-B+PMSX003-A,92,47,69,1002.51,0.02,13968,-77,58332,16.80,24.40,29.18,16.80,24.40,29.18,77,77,2891.56,825.51,168.58,19.64,3.31,2.15,16.22,22.50,28.60,16.22,22.50,28.60,73,73,2863.71,795.14,132.88,18.52,8.41,2.10
2023/08/17T02:31:34z,a8:48:fa:ca:a1:15,7.02,2.0+OPENLOG+15980 MB+DS3231+BME280+PMSX003-B+PMSX003-A,92,47,69,1002.56,0.02,13968,-78,58452,17.21,24.68,29.19,17.21,24.68,29.19,78,78,2910.00,834.96,172.58,16.88,2.56,1.93,16.72,24.31,32.31,16.72,24.31,32.31,77,77,3012.06,828.13,155.87,21.85,12.26,2.85
2023/08/17T02:33:34z,a8:48:fa:ca:a1:15,7.02,2.0+OPENLOG+15980 MB+DS3231+BME280+PMSX003-B+PMSX003-A,92,47,69,1002.59,0.02,13968,-77,58572,16.52,23.67,26.32,16.52,23.67,26.32,76,76,2862.50,826.07,159.58,10.37,2.93,2.00,16.75,23.36,28.64,16.75,23.36,28.64,75,75,2966.62,815.84,145.36,17.14,7.43,1.79
2023/08/17T02:35:34z,a8:48:fa:ca:a1:15,7.02,2.0+OPENLOG+15980 MB+DS3231+BME280+PMSX003-B+PMSX003-A,92,47,69,1002.59,0.02,13968,-77,58692,17.37,24.59,29.81,17.37,24.59,29.81,78,78,2907.22,844.91,172.26,17.96,3.67,2.96,16.36,23.60,29.48,16.36,23.60,29.48,76,76,2851.86,797.66,143.21,21.66,8.38,2.72
2023/08/17T02:37:34z,a8:48:fa:ca:a1:15,7.02,2.0+OPENLOG+15980 MB+DS3231+BME280+PMSX003-B+PMSX003-A,92,47,68,1002.57,0.02,13968,-77,58812,16.84,23.64,28.91,16.84,23.64,28.91,76,76,2870.84,830.89,165.40,20.91,2.07,1.24,15.80,22.49,26.19,15.80,22.49,26.19,73,73,2783.39,772.51,130.29,14.75,5.19,1.90
2023/08/17T02:39:34z,a8:48:fa:ca:a1:15,7.02,2.0+OPENLOG+15980 MB+DS3231+BME280+PMSX003-B+PMSX003-A,92,47,68,1002.65,0.02,13968,-77,58932,17.02,24.37,25.23,17.02,24.37,25.23,77,77,2885.26,834.65,164.75,8.00,1.30,0.14,15.75,22.93,28.78,15.75,22.93,28.78,74,74,2835.93,782.65,139.60,20.33,9.16,3.05
2023/08/17T02:41:34z,a8:48:fa:ca:a1:15,7.02,2.0+OPENLOG+15980 MB+DS3231+BME280+PMSX003-B+PMSX003-A,92,47,68,1002.65,0.02,13968,-74,59052,16.57,24.00,27.25,16.57,24.00,27.25,77,77,2924.95,834.55,176.52,14.64,1.75,0.79,16.38,23.55,30.87,16.38,23.55,30.87,76,76,2895.28,803.77,154.28,22.23,11.09,2.26
2023/08/17T02:43:34z,a8:48:fa:ca:a1:15,7.02,2.0+OPENLOG+15980 MB+DS3231+BME280+PMSX003-B+PMSX003-A,92,47,68,1002.67,0.02,13968,-76,59172,17.84,25.51,28.36,17.82,25.51,28.36,80,80,3004.91,863.60,178.58,12.62,2.07,0.44,16.33,23.12,30.91,16.33,23.12,30.91,75,75,2852.38,788.05,149.72,24.38,12.03,2.31
2023/08/17T02:45:34z,a8:48:fa:ca:a1:15,7.02,2.0+OPENLOG+15980 MB+DS3231+BME280+PMSX003-B+PMSX003-A,92,47,68,1002.69,0.02,13968,-75,59292,17.59,24.63,28.85,17.59,24.63,28.85,78,78,2907.22,838.98,175.26,13.11,2.63,2.41,16.17,22.33,27.71,16.17,22.33,27.71,73,73,2775.05,766.69,134.43,19.28,8.59,1.45
2023/08/17T02:47:34z,a8:48:fa:ca:a1:15,7.02,2.0+OPENLOG+15980 MB+DS3231+BME280+PMSX003-B+PMSX003-A,92,47,68,1002.67,0.02,13968,-74,59412,18.05,26.30,31.21,17.89,26.30,31.21,81,81,3048.54,889.89,190.82,21.93,1.61,1.25,16.82,21.95,27.27,16.82,21.95,27.27,72,72,2850.75,789.39,131.02,15.21,6.79,3.04
2023/08/17T02:49:35z,a8:48:fa:ca:a1:15,7.02,2.0+OPENLOG+15980 MB+DS3231+BME280+PMSX003-B+PMSX003-A,92,47,68,1002.71,0.02,13800,-74,59532,17.42,25.82,29.16,17.35,25.82,29.16,80,80,2964.38,856.87,180.11,17.09,2.80,1.60,17.18,24.32,28.11,17.18,24.32,28.11,77,77,2922.38,821.79,150.11,16.50,4.18,2.71
2023/08/17T02:51:35z,a8:48:fa:ca:a1:15,7.02,2.0+OPENLOG+15980 MB+DS3231+BME280+PMSX003-B+PMSX003-A,92,47,68,1002.70,0.02,13968,-74,59652,18.46,26.07,31.07,18.46,26.07,31.07,81,81,3132.67,898.52,175.85,20.11,3.48,3.26,17.85,25.27,32.85,17.85,25.27,32.85,79,79,3158.80,867.42,152.05,23.33,11.50,3.43
2023/08/17T02:53:35z,a8:48:fa:ca:a1:15,7.02,2.0+OPENLOG+15980 MB+DS3231+BME280+PMSX003-B+PMSX003-A,92,47,69,1002.77,0.02,13968,-74,59772,17.09,25.43,29.43,17.09,25.43,29.43,80,80,2978.90,854.45,166.16,19.24,1.72,1.38,18.15,24.48,32.00,18.11,24.48,32.00,78,78,3108.50,860.11,154.26,18.67,11.52,2.70
2023/08/17T02:55:35z,a8:48:fa:ca:a1:15,7.02,2.0+OPENLOG+15980 MB+DS3231+BME280+PMSX003-B+PMSX003-A,92,47,69,1002.78,0.02,13968,-75,59892,17.26,24.95,29.39,17.26,24.91,29.39,79,79,2926.37,845.67,176.47,16.42,2.32,1.47,18.25,25.35,29.56,18.25,25.35,29.56,79,79,3182.02,866.67,143.25,18.95,6.29,2.40
2023/08/17T02:57:35z,a8:48:fa:ca:a1:15,7.02,2.0+OPENLOG+15980 MB+DS3231+BME280+PMSX003-B+PMSX003-A,92,47,69,1002.75,0.02,13968,-74,60012,17.71,25.46,30.52,17.71,25.46,30.52,80,80,2988.54,861.05,179.39,21.07,2.50,2.14,16.77,23.88,32.84,16.77,23.88,32.84,76,76,2986.37,822.84,153.72,24.32,13.54,3.33
2023/08/17T02:59:35z,a8:48:fa:ca:a1:15,7.02,2.0+OPENLOG+15980 MB+DS3231+BME280+PMSX003-B+PMSX003-A,92,47,69,1002.78,0.02,13968,-75,60132,19.02,27.63,31.33,18.93,27.59,31.33,84,84,3157.56,907.61,188.33,20.56,1.93,1.44,17.17,24.10,33.29,17.17,24.10,33.29,77,77,3079.34,852.57,163.53,22.86,13.97,2.93
2023/08/17T03:01:35z,a8:48:fa:ca:a1:15,7.02,2.0+OPENLOG+15980 MB+DS3231+BME280+PMSX003-B+PMSX003-A,92,47,69,1002.78,0.02,13968,-74,60252,18.62,26.83,33.38,18.55,26.83,33.38,83,83,3157.60,906.71,185.38,26.38,2.83,2.38,18.04,25.37,31.41,18.04,25.37,31.41,79,79,3140.28,869.54,166.11,18.78,8.22,3.00
2023/08/17T03:03:35z,a8:48:fa:ca:a1:15,7.02,2.0+OPENLOG+15980 MB+DS3231+BME280+PMSX003-B+PMSX003-A,92,47,69,1002.80,0.02,13968,-74,60372,17.90,26.73,32.41,17.88,26.73,32.41,82,82,3034.22,882.29,196.32,23.32,2.98,2.31,16.95,24.12,31.77,16.95,24.12,31.77,77,77,2980.53,822.35,156.74,22.21,10.70,4.04
2023/08/17T03:05:35z,a8:48:fa:ca:a1:15,7.02,2.0+OPENLOG+15980 MB+DS3231+BME280+PMSX003-B+PMSX003-A,92,47,69,1002.79,0.02,13968,-74,60492,17.53,25.57,27.59,17.53,25.57,27.59,80,80,2966.84,844.64,166.93,12.76,1.86,1.45,17.86,25.52,30.45,17.86,25.52,30.45,80,80,3106.07,860.04,163.07,18.54,7.07,2.64
2023/08/17T03:07:35z,a8:48:fa:ca:a1:15,7.02,2.0+OPENLOG+15980 MB+DS3231+BME280+PMSX003-B+PMSX003-A,92,47,69,1002.82,0.02,13968,-74,60612,18.02,25.89,31.11,18.02,25.89,31.11,81,81,3058.15,873.85,180.35,18.65,3.67,2.73,18.12,24.75,31.21,18.12,24.75,31.21,78,78,3069.53,861.25,159.02,17.82,9.75,2.00
2023/08/17T03:09:35z,a8:48:fa:ca:a1:15,7.02,2.0+OPENLOG+15980 MB+DS3231+BME280+PMSX003-B+PMSX003-A,92,47,69,1002.91,0.02,13968,-74,60732,18.47,26.65,31.78,18.40,26.62,31.78,82,82,3096.33,899.02,180.05,21.24,3.09,2.80,17.75,24.75,30.00,17.75,24.75,30.00,78,78,3151.29,851.21,157.96,18.79,7.04,1.82
2023/08/17T03:11:35z,a8:48:fa:ca:a1:15,7.02,2.0+OPENLOG+15980 MB+DS3231+BME280+PMSX003-B+PMSX003-A,92,47,69,1002.86,0.02,13968,-74,60852,18.21,27.67,33.74,18.21,27.67,33.74,84,84,3128.69,909.78,202.91,26.62,1.62,1.14,17.33,24.93,29.04,17.33,24.93,29.04,79,79,3059.42,840.56,158.79,15.33,4.77,2.84
2023/08/17T03:13:35z,a8:48:fa:ca:a1:15,7.02,2.0+OPENLOG+15980 MB+DS3231+BME280+PMSX003-B+PMSX003-A,92,47,69,1002.99,0.02,13968,-74,60972,18.50,26.11,30.82,18.39,26.04,30.82,81,81,3060.11,887.25,175.05,17.77,4.00,2.14,17.95,25.34,31.25,17.95,25.34,31.25,79,79,3180.70,868.98,155.39,18.96,8.11,3.46
2023/08/17T03:15:35z,a8:48:fa:ca:a1:15,7.02,2.0+OPENLOG+15980 MB+DS3231+BME280+PMSX003-B+PMSX003-A,92,47,69,1002.92,0.02,13968,-74,61092,18.26,26.52,32.61,18.20,26.52,32.61,82,82,3137.00,897.94,186.17,23.96,2.93,1.70,17.64,24.05,33.61,17.64,24.05,33.61,77,77,3189.32,864.02,153.82,22.21,14.71,3.29
2023/08/17T03:17:35z,a8:48:fa:ca:a1:15,7.02,2.0+OPENLOG+15980 MB+DS3231+BME280+PMSX003-B+PMSX003-A,92,47,69,1002.97,0.02,13968,-77,61212,17.88,26.48,30.78,17.84,26.47,30.78,82,82,3071.59,887.50,189.55,20.86,1.76,0.66,16.88,24.49,29.86,16.88,24.49,29.86,78,78,3012.95,838.67,158.46,17.37,7.51,2.63
2023/08/17T03:19:35z,a8:48:fa:ca:a1:15,7.02,2.0+OPENLOG+15980 MB+DS3231+BME280+PMSX003-B+PMSX003-A,92,47,69,1003.02,0.02,13968,-76,61332,18.07,26.27,30.89,17.98,26.27,30.89,81,81,3070.53,892.24,187.56,22.47,1.20,0.73,17.58,26.00,33.28,17.51,25.93,33.28,81,81,3175.00,869.65,161.35,25.79,9.30,4.74
2023/08/17T03:21:35z,a8:48:fa:ca:a1:15,7.02,2.0+OPENLOG+15980 MB+DS3231+BME280+PMSX003-B+PMSX003-A,92,47,69,1003.07,0.02,13968,-76,61452,17.77,26.39,32.34,17.77,26.39,32.34,82,82,3075.05,891.18,194.12,25.29,2.18,1.39,17.52,25.36,32.98,17.52,25.36,32.98,79,79,3111.38,859.39,164.61,22.93,11.29,3.71
2023/08/17T03:23:35z,a8:48:fa:ca:a1:15,7.02,2.0+OPENLOG+15980 MB+DS3231+BME280+PMSX003-B+PMSX003-A,92,47,69,1003.03,0.02,13968,-80,61572,18.43,25.78,30.83,18.43,25.78,30.83,80,80,3090.50,888.65,167.69,16.63,4.22,2.70,17.71,25.03,35.21,17.67,25.03,35.21,79,79,3106.19,865.38,169.12,24.00,15.79,4.72
2023/08/17T03:25:35z,a8:48:fa:ca:a1:15,7.02,2.0+OPENLOG+15980 MB+DS3231+BME280+PMSX003-B+PMSX003-A,92,47,69,1003.05,0.02,13968,-79,61692,18.47,25.98,33.70,18.46,25.98,33.70,81,81,3091.58,896.07,181.26,27.51,4.04,2.91,18.09,25.40,32.51,18.09,25.40,32.51,80,80,3201.84,873.11,170.26,20.77,10.91,2.18
2023/08/17T03:27:35z,a8:48:fa:ca:a1:15,7.02,2.0+OPENLOG+15980 MB+DS3231+BME280+PMSX003-B+PMSX003-A,92,47,69,1002.99,0.02,13968,-78,61812,18.22,25.67,30.74,18.19,25.67,30.74,80,80,3053.28,884.78,172.79,18.21,2.90,2.14,18.31,26.00,29.76,18.31,26.00,29.76,81,81,3191.73,878.96,161.47,17.09,4.69,1.45
2023/08/17T03:29:35z,a8:48:fa:ca:a1:15,7.02,2.0+OPENLOG+15980 MB+DS3231+BME280+PMSX003-B+PMSX003-A,91,47,68,1002.97,0.02,13968,-80,61932,17.43,26.45,30.86,17.43,26.45,30.86,82,82,3119.57,886.80,187.52,20.61,2.86,2.11,17.77,25.70,33.00,17.75,25.70,33.00,80,80,3158.32,868.61,171.40,22.18,10.81,2.77
2023/08/17T03:31:35z,a8:48:fa:ca:a1:15,7.02,2.0+OPENLOG+15980 MB+DS3231+BME280+PMSX003-B+PMSX003-A,91,47,68,1003.00,0.02,13968,-78,62052,18.85,26.91,30.31,18.85,26.81,30.31,83,83,3189.11,911.78,184.44,16.70,1.81,1.63,17.59,24.86,29.40,17.59,24.86,29.40,78,78,3100.76,851.84,155.38,18.59,6.07,1.38
2023/08/17T03:33:35z,a8:48:fa:ca:a1:15,7.02,2.0+OPENLOG+15980 MB+DS3231+BME280+PMSX003-B+PMSX003-A,91,44,66,1002.96,0.02,13968,-78,62172,18.60,25.88,30.58,18.50,25.88,30.58,81,81,3074.08,895.63,180.92,18.33,2.46,0.96,16.73,24.21,31.64,16.73,24.21,31.64,77,77,2951.73,817.30,159.88,21.86,11.64,2.61
2023/08/17T03:35:35z,a8:48:fa:ca:a1:15,7.02,2.0+OPENLOG+15980 MB+DS3231+BME280+PMSX003-B+PMSX003-A,91,43,65,1002.97,0.02,13968,-79,62292,17.02,23.64,24.71,17.02,23.64,24.71,76,76,2838.36,820.59,145.52,8.03,1.14,1.00,16.41,22.59,26.62,16.41,22.59,26.62,74,74,2824.71,792.95,134.66,14.32,5.86,1.18
2023/08/17T03:37:35z,a8:48:fa:ca:a1:15,7.02,2.0+OPENLOG+15980 MB+DS3231+BME280+PMSX003-B+PMSX003-A,90,42,64,1003.00,0.02,13968,-78,62412,16.34,23.96,29.59,16.32,23.95,29.59,76,76,2852.09,820.71,167.45,25.46,1.04,1.04,15.73,21.36,23.27,15.73,21.36,23.27,71,71,2800.58,762.93,123.80,8.36,2.07,1.93
2023/08/17T03:39:35z,a8:48:fa:ca:a1:15,7.02,2.0+OPENLOG+15980 MB+DS3231+BME280+PMSX003-B+PMSX003-A,90,40,63,1003.04,0.02,13968,-79,62532,15.56,23.05,26.44,15.56,23.05,26.44,75,75,2705.89,776.85,164.45,15.56,1.35,1.02,15.33,21.53,27.07,15.33,21.53,27.07,71,71,2750.33,746.57,127.93,17.10,8.00,2.66
2023/08/17T03:41:35z,a8:48:fa:ca:a1:15,7.02,2.0+OPENLOG+15980 MB+DS3231+BME280+PMSX003-B+PMSX003-A,90,39,62,1003.06,0.02,13968,-79,62652,16.65,22.89,27.06,16.65,22.89,27.06,74,74,2743.44,794.39,156.26,14.37,3.41,3.19,15.78,22.72,29.03,15.78,22.72,29.03,74,74,2812.55,766.71,136.17,19.72,6.97,3.69
2023/08/17T03:43:35z,a8:48:fa:ca:a1:15,7.02,2.0+OPENLOG+15980 MB+DS3231+BME280+PMSX003-B+PMSX003-A,90,38,61,1002.99,0.02,13968,-78,62772,16.51,22.56,25.56,16.51,22.56,25.56,74,74,2755.21,792.32,145.72,10.84,2.04,2.04,15.70,22.30,28.46,15.70,22.30,28.46,73,73,2798.62,763.14,135.57,17.54,8.14,2.25
2023/08/17T03:45:35z,a8:48:fa:ca:a1:15,7.02,2.0+OPENLOG+15980 MB+DS3231+BME280+PMSX003-B+PMSX003-A,89,37,59,1002.95,0.02,13968,-79,62892,14.35,20.98,25.89,14.35,20.98,25.89,70,70,2578.84,724.46,147.26,21.47,1.30,0.81,14.87,21.04,26.40,14.87,21.04,26.40,70,70,2681.07,740.05,137.95,14.69,7.24,0.95
2023/08/17T03:47:35z,a8:48:fa:ca:a1:15,7.02,2.0+OPENLOG+15980 MB+DS3231+BME280+PMSX003-B+PMSX003-A,89,36,59,1002.95,0.02,13968,-79,63012,14.82,21.55,24.02,14.82,21.55,24.02,71,71,2554.15,726.20,136.47,15.02,0.95,0.95,15.44,22.69,27.39,15.44,22.69,27.39,74,74,2713.98,753.24,139.27,16.78,5.56,1.97
2023/08/17T03:49:36z,a8:48:fa:ca:a1:15,7.02,2.0+OPENLOG+15980 MB+DS3231+BME280+PMSX003-B+PMSX003-A,89,36,58,1003.01,0.02,13800,-80,63133,14.79,21.23,23.89,14.79,21.23,23.89,71,71,2557.98,742.39,140.18,13.71,1.36,0.82,15.14,21.81,27.35,15.14,21.81,27.35,72,72,2677.89,735.93,130.75,18.60,7.23,0.67
2023/08/17T03:51:36z,a8:48:fa:ca:a1:15,7.02,2.0+OPENLOG+15980 MB+DS3231+BME280+PMSX003-B+PMSX003-A,89,35,58,1003.04,0.02,13800,-79,63253,14.36,20.21,25.88,14.36,20.21,25.88,69,69,2490.43,719.64,144.62,19.54,2.00,1.29,14.50,21.48,26.52,14.50,21.48,26.52,71,71,2627.39,710.30,125.04,18.04,7.52,1.67
2023/08/17T03:53:36z,a8:48:fa:ca:a1:15,7.02,2.0+OPENLOG+15980 MB+DS3231+BME280+PMSX003-B+PMSX003-A,89,34,57,1003.03,0.02,13968,-77,63373,14.31,20.76,23.35,14.31,20.76,23.35,70,70,2507.13,706.38,132.60,16.84,0.73,0.15,14.14,20.27,22.71,14.14,20.27,22.71,69,69,2548.53,687.39,110.68,10.24,2.98,1.73
2023/08/17T03:55:36z,a8:48:fa:ca:a1:15,7.02,2.0+OPENLOG+15980 MB+DS3231+BME280+PMSX003-B+PMSX003-A,88,34,56,1003.06,0.02,13968,-75,63493,15.22,21.96,27.65,15.22,21.96,27.65,72,72,2643.72,757.28,155.35,21.44,1.81,1.48,14.07,20.95,24.95,14.07,20.95,24.95,70,70,2547.71,709.51,124.17,13.32,5.39,1.36
2023/08/17T03:57:36z,a8:48:fa:ca:a1:15,7.02,2.0+OPENLOG+15980 MB+DS3231+BME280+PMSX003-B+PMSX003-A,88,34,56,1003.12,0.02,13968,-74,63613,14.86,21.91,25.53,14.86,21.91,25.53,72,72,2576.12,745.00,150.40,17.21,2.21,2.21,14.88,22.00,25.51,14.88,22.00,25.51,72,72,2709.79,740.33,127.40,12.60,4.98,1.47
2023/08/17T03:59:36z,a8:48:fa:ca:a1:15,7.02,2.0+OPENLOG+15980 MB+DS3231+BME280+PMSX003-B+PMSX003-A,88,34,56,1003.11,0.02,13968,-76,63733,13.74,20.28,21.33,13.74,20.28,21.33,69,69,2512.34,703.88,129.53,7.90,0.86,0.48,13.50,20.60,30.87,13.50,20.60,30.87,69,69,2520.40,686.58,134.79,25.35,15.88,2.27
2023/08/17T04:01:36z,a8:48:fa:ca:a1:15,7.02,2.0+OPENLOG+15980 MB+DS3231+BME280+PMSX003-B+PMSX003-A,88,34,56,1003.08,0.02,13968,-74,63853,14.82,19.64,21.56,14.82,19.64,21.56,67,67,2523.22,718.36,127.64,8.58,0.80,0.80,14.09,21.41,28.29,14.09,21.41,28.29,71,71,2562.36,703.28,134.74,20.14,10.97,1.59
2023/08/17T04:03:36z,a8:48:fa:ca:a1:15,7.02,2.0+OPENLOG+15980 MB+DS3231+BME280+PMSX003-B+PMSX003-A,88,33,56,1003.04,0.02,13968,-76,63973,14.27,21.15,22.82,14.27,21.15,22.82,70,70,2497.20,722.33,135.20,10.95,1.75,1.75,13.59,21.02,24.31,13.59,21.02,24.31,70,70,2523.93,691.62,127.88,11.17,5.14,0.66
2023/08/17T04:05:36z,a8:48:fa:ca:a1:15,7.02,2.0+OPENLOG+15980 MB+DS3231+BME280+PMSX003-B+PMSX003-A,88,34,56,1003.07,0.02,13968,-77,64093,13.43,19.91,23.55,13.43,19.91,23.55,68,68,2384.17,682.26,133.36,16.55,1.55,1.38,14.32,21.21,25.59,14.32,21.21,25.59,71,71,2546.46,707.36,122.00,14.46,6.14,1.14
2023/08/17T04:07:36z,a8:48:fa:ca:a1:15,7.02,2.0+OPENLOG+15980 MB+DS3231+BME280+PMSX003-B+PMSX003-A,88,34,56,1003.06,0.02,13968,-76,64213,15.04,20.63,24.75,15.04,20.63,24.75,69,69,2547.37,736.12,150.65,15.33,0.95,0.56,13.59,19.41,24.35,13.59,19.41,24.35,67,67,2465.78,670.33,116.81,14.63,7.56,1.04
2023/08/17T04:09:36z,a8:48:fa:ca:a1:15,7.02,2.0+OPENLOG+15980 MB+DS3231+BME280+PMSX003-B+PMSX003-A,88,34,56,1003.03,0.02,13968,-78,64333,14.21,20.79,24.50,14.21,20.79,24.50,70,70,2457.21,703.95,136.91,16.93,3.25,2.89,13.89,20.67,25.19,13.89,20.67,25.19,69,69,2498.42,687.61,122.00,14.18,6.25,3.09
2023/08/17T04:11:36z,a8:48:fa:ca:a1:15,7.02,2.0+OPENLOG+15980 MB+DS3231+BME280+PMSX003-B+PMSX003-A,88,34,56,1003.04,0.02,13968,-78,64453,14.71,21.05,24.45,14.71,21.05,24.45,70,70,2494.07,723.75,135.25,14.11,2.64,2.11,13.29,19.57,22.95,13.29,19.57,22.95,67,67,2452.60,670.93,112.50,9.38,4.76,1.79
2023/08/17T04:13:36z,a8:48:fa:ca:a1:15,7.02,2.0+OPENLOG+15980 MB+DS3231+BME280+PMSX003-B+PMSX003-A,88,34,56,1003.08,0.02,13968,-78,64573,13.21,19.81,21.24,13.21,19.81,21.24,68,68,2285.33,657.48,124.38,13.24,1.48,0.97,13.40,20.46,27.65,13.40,20.46,27.65,69,69,2445.95,682.07,132.96,17.96,9.33,3.79
2023/08/17T04:15:36z,a8:48:fa:ca:a1:15,7.02,2.0+OPENLOG+15980 MB+DS3231+BME280+PMSX003-B+PMSX003-A,88,34,56,1003.07,0.02,13968,-77,64693,13.65,20.45,25.62,13.65,20.45,25.62,69,69,2432.62,704.40,134.35,20.87,3.02,2.51,13.31,19.22,23.56,13.31,19.22,23.56,66,66,2344.80,649.29,119.56,13.09,5.49,1.45
2023/08/17T04:17:36z,a8:48:fa:ca:a1:15,7.02,2.0+OPENLOG+15980 MB+DS3231+BME280+PMSX003-B+PMSX003-A,88,34,56,1003.05,0.02,13968,-80,64813,14.73,21.29,23.68,14.73,21.29,23.68,71,71,2549.52,742.00,139.82,12.14,1.68,0.82,13.47,20.65,22.53,13.47,20.65,22.53,69,69,2434.11,669.11,119.79,12.95,1.44,0.74
2023/08/17T04:19:36z,a8:48:fa:ca:a1:15,7.02,2.0+OPENLOG+15980 MB+DS3231+BME280+PMSX003-B+PMSX003-A,88,34,56,1003.05,0.02,13968,-75,64933,14.54,21.15,24.19,14.54,21.15,24.19,70,70,2534.83,724.22,143.41,16.00,1.63,0.81,13.76,19.83,22.02,13.76,19.83,22.02,68,68,2416.19,664.78,103.93,10.14,3.10,1.52
2023/08/17T04:21:36z,a8:48:fa:ca:a1:15,7.02,2.0+OPENLOG+15980 MB+DS3231+BME280+PMSX003-B+PMSX003-A,88,34,56,1003.09,0.02,13968,-81,65053,13.03,18.91,21.29,13.03,18.91,21.29,66,66,2372.07,675.67,128.53,8.62,1.79,1.66,13.16,19.39,24.39,13.16,19.39,24.39,67,67,2448.32,652.04,111.67,16.67,6.74,1.79
2023/08/17T04:23:36z,a8:48:fa:ca:a1:15,7.02,2.0+OPENLOG+15980 MB+DS3231+BME280+PMSX003-B+PMSX003-A,88,34,56,1003.14,0.02,13968,-81,65173,13.31,20.29,21.45,13.31,20.29,21.45,69,69,2312.84,657.59,131.33,13.72,1.38,0.55,12.87,19.58,28.15,12.87,19.58,28.15,67,67,2454.11,656.30,118.77,23.36,13.40,3.02
2023/08/17T04:25:36z,a8:48:fa:ca:a1:15,7.02,2.0+OPENLOG+15980 MB+DS3231+BME280+PMSX003-B+PMSX003-A,88,34,56,1003.13,0.02,13968,-78,65293,13.09,18.47,19.95,13.09,18.47,19.95,65,65,2293.00,645.42,118.32,7.82,0.42,0.42,12.56,18.44,24.44,12.56,18.44,24.44,65,65,2349.26,634.84,114.25,16.70,8.49,1.33
2023/08/17T04:27:36z,a8:48:fa:ca:a1:15,7.02,2.0+OPENLOG+15980 MB+DS3231+BME280+PMSX003-B+PMSX003-A,88,34,56,1003.13,0.02,13968,-81,65413,13.55,19.56,20.00,13.55,19.56,20.00,67,67,2290.96,666.91,120.42,7.67,0.51,0.15,12.84,18.49,21.61,12.84,18.49,21.61,65,65,2360.47,628.74,101.18,12.18,3.33,1.82
2023/08/17T04:29:36z,a8:48:fa:ca:a1:15,7.02,2.0+OPENLOG+15980 MB+DS3231+BME280+PMSX003-B+PMSX003-A,88,34,56,1003.11,0.02,13968,-79,65533,13.04,18.80,21.59,13.04,18.80,21.59,65,65,2279.57,659.32,125.21,13.00,1.96,1.82,12.71,18.64,21.69,12.71,18.64,21.69,65,65,2330.69,637.55,107.05,10.31,3.03,1.55
2023/08/17T04:31:36z,a8:48:fa:ca:a1:15,7.02,2.0+OPENLOG+15980 MB+DS3231+BME280+PMSX003-B+PMSX003-A,88,33,56,1003.06,0.02,13968,-79,65653,13.36,19.51,21.64,13.36,19.51,21.64,67,67,2350.42,677.69,133.02,13.39,1.46,0.41,13.27,21.00,31.02,13.27,21.00,31.02,70,70,2468.56,677.27,136.47,27.64,15.27,3.64
2023/08/17T04:33:36z,a8:48:fa:ca:a1:15,7.02,2.0+OPENLOG+15980 MB+DS3231+BME280+PMSX003-B+PMSX003-A,88,34,56,1003.02,0.02,13968,-81,65773,13.41,19.67,23.62,13.41,19.67,23.62,67,67,2340.05,668.31,133.43,15.45,3.28,2.79,12.13,19.15,23.45,12.13,19.15,23.45,66,66,2234.24,614.20,112.00,16.33,6.22,1.45
2023/08/17T04:35:36z,a8:48:fa:ca:a1:15,7.02,2.0+OPENLOG+15980 MB+DS3231+BME280+PMSX003-B+PMSX003-A,87,33,55,1003.07,0.02,13968,-78,65893,13.89,19.81,24.31,13.89,19.81,24.31,68,68,2378.67,690.19,140.39,18.19,1.93,0.48,12.19,17.68,22.25,12.19,17.68,22.25,63,63,2224.00,605.95,100.93,13.23,6.25,1.51
2023/08/17T04:37:36z,a8:48:fa:ca:a1:15,7.02,2.0+OPENLOG+15980 MB+DS3231+BME280+PMSX003-B+PMSX003-A,87,33,55,1003.04,0.02,13968,-79,66013,13.13,19.29,22.16,13.13,19.29,22.16,67,67,2249.02,646.29,124.73,17.24,2.00,1.49,12.14,18.98,25.39,12.14,18.98,25.39,66,66,2274.86,622.19,113.76,19.97,9.46,2.27
2023/08/17T04:39:36z,a8:48:fa:ca:a1:15,7.02,2.0+OPENLOG+15980 MB+DS3231+BME280+PMSX003-B+PMSX003-A,87,33,55,1003.09,0.02,13968,-78,66133,12.71,18.81,24.50,12.71,18.81,24.50,66,66,2291.48,666.76,129.41,21.34,3.97,3.14,12.24,18.36,24.11,12.24,18.36,24.11,65,65,2188.75,599.87,112.76,15.09,7.93,4.55
2023/08/17T04:41:36z,a8:48:fa:ca:a1:15,7.02,2.0+OPENLOG+15980 MB+DS3231+BME280+PMSX003-B+PMSX003-A,88,34,56,1003.05,0.02,13968,-77,66253,11.95,18.69,25.18,11.95,18.69,25.18,65,65,2184.33,633.27,134.96,23.78,4.33,3.16,12.11,16.96,22.34,12.11,16.96,22.34,62,62,2217.21,598.07,100.88,12.71,7.43,2.68
2023/08/17T04:43:36z,a8:48:fa:ca:a1:15,7.02,2.0+OPENLOG+15980 MB+DS3231+BME280+PMSX003-B+PMSX003-A,88,34,56,1003.09,0.02,13968,-75,66373,13.27,18.62,21.00,13.27,18.62,21.00,65,65,2319.49,660.49,120.05,9.82,1.85,1.35,12.83,20.15,26.95,12.83,20.15,26.95,68,68,2361.20,634.85,125.07,20.41,10.85,1.73
2023/08/17T04:45:36z,a8:48:fa:ca:a1:15,7.02,2.0+OPENLOG+15980 MB+DS3231+BME280+PMSX003-B+PMSX003-A,87,33,55,1003.09,0.02,13968,-77,66493,12.46,17.85,21.20,12.46,17.85,21.20,63,63,2181.83,628.85,118.59,12.41,2.41,1.30,12.21,18.32,21.56,12.21,18.32,21.56,64,64,2249.21,614.21,106.93,10.70,3.37,2.53
2023/08/17T04:47:36z,a8:48:fa:ca:a1:15,7.02,2.0+OPENLOG+15980 MB+DS3231+BME280+PMSX003-B+PMSX003-A,87,34,55,1003.11,0.02,13968,-77,66613,13.07,20.36,22.20,13.07,20.36,22.20,69,69,2305.34,653.84,135.75,15.11,0.82,0.82,11.81,19.09,26.35,11.81,19.09,26.35,66,66,2295.42,625.47,120.37,22.25,8.91,2.07
2023/08/17T04:49:37z,a8:48:fa:ca:a1:15,7.02,2.0+OPENLOG+15980 MB+DS3231+BME280+PMSX003-B+PMSX003-A,87,33,55,1003.09,0.02,13800,-77,66734,12.76,18.38,22.21,12.76,18.38,22.21,65,65,2279.79,648.26,122.38,15.03,2.10,0.48,12.25,19.00,22.65,12.25,19.00,22.65,66,66,2215.69,614.07,124.11,11.24,4.44,3.05
2023/08/17T04:51:37z,a8:48:fa:ca:a1:15,7.02,2.0+OPENLOG+15980 MB+DS3231+BME280+PMSX003-B+PMSX003-A,87,33,55,1003.05,0.02,13800,-77,66854,13.29,20.05,22.42,13.29,20.05,22.42,68,68,2325.27,681.45,131.84,14.40,2.95,1.56,12.81,18.86,25.19,12.81,18.86,25.19,66,66,2319.97,640.24,113.95,15.02,8.24,4.64
2023/08/17T04:53:37z,a8:48:fa:ca:a1:15,7.02,2.0+OPENLOG+15980 MB+DS3231+BME280+PMSX003-B+PMSX003-A,87,33,55,1003.03,0.02,13968,-79,66974,12.48,18.38,20.77,12.48,18.38,20.77,65,65,2197.29,629.30,136.21,12.46,1.36,0.46,12.04,19.22,23.67,12.04,19.22,23.67,66,66,2265.05,615.67,117.33,17.16,4.95,3.13
2023/08/17T04:55:37z,a8:48:fa:ca:a1:15,7.02,2.0+OPENLOG+15980 MB+DS3231+BME280+PMSX003-B+PMSX003-A,87,33,55,1003.04,0.02,13968,-79,67094,12.58,18.65,20.35,12.58,18.65,20.35,65,65,2204.63,630.75,118.19,11.72,1.96,0.81,12.35,19.39,23.39,12.35,19.39,23.39,67,67,2265.11,624.87,113.02,16.44,5.78,1.26
2023/08/17T04:57:37z,a8:48:fa:ca:a1:15,7.02,2.0+OPENLOG+15980 MB+DS3231+BME280+PMSX003-B+PMSX003-A,87,33,54,1003.03,0.02,13968,-79,67214,12.42,18.47,20.84,12.42,18.47,20.84,65,65,2225.13,644.56,116.24,14.80,0.91,0.33,12.54,18.53,23.63,12.54,18.53,23.63,65,65,2181.63,612.84,103.88,15.12,7.30,2.91
2023/08/17T04:59:37z,a8:48:fa:ca:a1:15,7.02,2.0+OPENLOG+15980 MB+DS3231+BME280+PMSX003-B+PMSX003-A,87,33,54,1003.00,0.02,14160,-79,67334,12.93,18.46,21.44,12.93,18.46,21.44,65,65,2241.28,650.72,131.30,13.93,0.85,0.67,12.59,20.19,26.93,12.59,20.19,26.93,68,68,2402.79,637.66,125.81,22.55,10.34,2.38
2023/08/17T05:01:37z,a8:48:fa:ca:a1:15,7.02,2.0+OPENLOG+15980 MB+DS3231+BME280+PMSX003-B+PMSX003-A,87,33,54,1003.01,0.02,13968,-79,67454,12.88,18.23,21.60,12.88,18.23,21.60,64,64,2259.89,650.42,126.32,12.77,1.40,1.40,12.00,19.48,25.38,12.00,19.48,25.38,67,67,2246.84,614.43,124.25,19.04,9.07,1.36
2023/08/17T05:03:37z,a8:48:fa:ca:a1:15,7.02,2.0+OPENLOG+15980 MB+DS3231+BME280+PMSX003-B+PMSX003-A,87,33,54,1003.03,0.02,13968,-77,67574,13.09,19.25,22.86,13.09,19.25,22.86,66,66,2256.59,653.77,137.88,17.61,1.64,1.11,12.18,19.68,23.57,12.18,19.68,23.57,67,67,2268.21,622.70,119.14,16.79,5.50,1.46
2023/08/17T05:05:37z,a8:48:fa:ca:a1:15,7.02,2.0+OPENLOG+15980 MB+DS3231+BME280+PMSX003-B+PMSX003-A,87,33,54,1003.04,0.02,13968,-80,67694,13.04,18.64,21.79,13.04,18.64,21.79,65,65,2242.66,638.70,129.34,13.86,2.39,2.18,11.77,18.60,23.16,11.77,18.60,23.16,65,65,2272.47,619.98,118.30,14.77,4.91,2.49
2023/08/17T05:07:37z,a8:48:fa:ca:a1:15,7.02,2.0+OPENLOG+15980 MB+DS3231+BME280+PMSX003-B+PMSX003-A,87,33,54,1003.06,0.02,13968,-76,67814,12.13,18.56,21.41,12.13,18.56,21.41,65,65,2211.06,622.96,129.20,15.43,2.11,1.48,12.37,19.51,25.71,12.37,19.51,25.71,67,67,2313.56,636.78,125.27,19.02,7.97,3.36
2023/08/17T05:09:37z,a8:48:fa:ca:a1:15,7.02,2.0+OPENLOG+15980 MB+DS3231+BME280+PMSX003-B+PMSX003-A,87,33,55,1003.01,0.02,13968,-77,67934,13.52,19.98,23.16,13.52,19.98,23.16,68,68,2375.48,681.66,141.28,9.83,3.90,2.66,12.41,18.62,25.39,12.41,18.62,25.39,65,65,2312.95,629.23,111.27,19.00,8.68,3.18
2023/08/17T05:11:37z,a8:48:fa:ca:a1:15,7.02,2.0+OPENLOG+15980 MB+DS3231+BME280+PMSX003-B+PMSX003-A,87,33,55,1003.03,0.02,13968,-77,68054,12.84,19.11,23.46,12.84,19.11,23.46,66,66,2238.21,647.28,131.19,18.95,2.77,2.00,13.19,20.39,28.20,13.19,20.39,28.20,69,69,2380.78,657.87,120.44,23.04,11.04,2.44
2023/08/17T05:13:37z,a8:48:fa:ca:a1:15,7.02,2.0+OPENLOG+15980 MB+DS3231+BME280+PMSX003-B+PMSX003-A,87,33,54,1002.99,0.02,13968,-70,68174,13.00,19.12,21.88,13.00,19.12,21.88,66,66,2271.95,651.14,134.58,11.23,2.95,2.95,12.46,18.65,23.05,12.46,18.65,23.05,65,65,2245.53,610.91,110.56,15.16,6.11,0.81
2023/08/17T05:15:37z,a8:48:fa:ca:a1:15,7.02,2.0+OPENLOG+15980 MB+DS3231+BME280+PMSX003-B+PMSX003-A,87,33,54,1002.95,0.02,13968,-76,68294,13.27,19.56,22.88,13.27,19.56,22.88,67,67,2275.90,659.58,136.29,15.58,1.65,1.08,12.47,19.43,21.40,12.47,19.43,21.40,67,67,2260.60,619.71,107.34,11.66,2.48,1.97
2023/08/17T05:17:37z,a8:48:fa:ca:a1:15,7.02,2.0+OPENLOG+15980 MB+DS3231+BME280+PMSX003-B+PMSX003-A,87,34,55,1002.92,0.02,13968,-78,68414,12.57,19.29,22.52,12.57,19.29,22.52,67,67,2233.12,637.20,133.29,15.54,1.86,1.32,13.14,19.92,26.69,13.14,19.92,26.69,68,68,2392.37,664.51,125.07,16.58,9.22,3.49
2023/08/17T05:19:37z,a8:48:fa:ca:a1:15,7.02,2.0+OPENLOG+15980 MB+DS3231+BME280+PMSX003-B+PMSX003-A,87,35,56,1002.94,0.02,13968,-75,68534,13.60,19.77,25.00,13.60,19.77,25.00,68,68,2319.63,671.61,136.68,21.51,3.58,1.79,12.54,19.02,21.91,12.54,19.02,21.91,66,66,2341.98,629.12,112.62,9.43,3.39,2.93
2023/08/17T05:21:37z,a8:48:fa:ca:a1:15,7.02,2.0+OPENLOG+15980 MB+DS3231+BME280+PMSX003-B+PMSX003-A,87,36,57,1002.93,0.02,13968,-74,68654,13.32,21.21,25.09,13.32,21.21,25.09,71,71,2388.11,689.72,151.39,21.58,2.11,0.70,13.88,20.72,27.47,13.88,20.72,27.47,70,70,2462.68,683.67,130.02,18.63,10.11,1.72
2023/08/17T05:23:37z,a8:48:fa:ca:a1:15,7.02,2.0+OPENLOG+15980 MB+DS3231+BME280+PMSX003-B+PMSX003-A,87,37,57,1002.96,0.02,13968,-75,68774,14.04,19.70,23.45,14.04,19.70,23.45,67,67,2365.18,681.84,132.02,13.36,2.25,2.11,12.61,19.67,24.18,12.61,19.67,24.18,67,67,2255.42,619.67,114.63,16.49,6.07,2.84
2023/08/17T05:25:37z,a8:48:fa:ca:a1:15,7.02,2.0+OPENLOG+15980 MB+DS3231+BME280+PMSX003-B+PMSX003-A,87,37,57,1002.96,0.02,13968,-76,68894,14.33,20.32,23.12,14.33,20.32,23.12,69,69,2442.32,698.89,142.12,12.07,2.00,1.65,13.27,19.36,25.30,13.27,19.36,25.30,67,67,2337.75,641.25,115.75,17.04,9.18,1.61
2023/08/17T05:27:37z,a8:48:fa:ca:a1:15,7.02,2.0+OPENLOG+15980 MB+DS3231+BME280+PMSX003-B+PMSX003-A,87,37,58,1002.91,0.02,13968,-77,69014,13.93,19.75,22.47,13.93,19.75,22.47,68,68,2348.95,679.79,137.60,12.56,1.61,0.46,12.38,19.98,29.11,12.38,19.98,29.11,68,68,2418.11,646.66,139.45,22.79,13.92,2.72
2023/08/17T05:29:37z,a8:48:fa:ca:a1:15,7.02,2.0+OPENLOG+15980 MB+DS3231+BME280+PMSX003-B+PMSX003-A,87,38,58,1002.95,0.02,13968,-78,69134,14.40,21.17,26.84,14.40,21.17,26.84,71,71,2532.47,735.34,150.97,20.41,3.52,2.52,13.93,20.75,25.43,13.93,20.75,25.43,70,70,2440.45,667.43,117.82,16.07,6.36,2.14
2023/08/17T05:31:37z,a8:48:fa:ca:a1:15,7.02,2.0+OPENLOG+15980 MB+DS3231+BME280+PMSX003-B+PMSX003-A,87,38,58,1002.92,0.02,13968,-76,69254,14.05,19.75,21.85,14.05,19.75,21.85,68,68,2355.71,680.80,122.20,12.87,1.35,1.24,13.14,19.23,24.95,13.14,19.23,24.95,66,66,2347.84,647.74,114.53,15.26,7.79,3.09
2023/08/17T05:33:37z,a8:48:fa:ca:a1:15,7.02,2.0+OPENLOG+15980 MB+DS3231+BME280+PMSX003-B+PMSX003-A,87,38,58,1002.96,0.02,13968,-78,69374,13.98,20.63,25.81,13.98,20.63,25.81,69,69,2394.61,700.87,150.22,21.00,1.81,0.81,12.84,18.93,22.98,12.84,18.93,22.98,66,66,2284.34,628.03,115.93,12.90,6.07,1.41
2023/08/17T05:35:37z,a8:48:fa:ca:a1:15,7.02,2.0+OPENLOG+15980 MB+DS3231+BME280+PMSX003-B+PMSX003-A,88,38,59,1002.92,0.02,13968,-75,69494,14.19,18.90,21.52,14.19,18.90,21.52,66,66,2411.17,694.12,119.17,8.62,2.83,2.17,12.82,18.30,26.21,12.82,18.30,26.21,64,64,2336.84,637.86,111.16,18.63,11.65,2.00
2023/08/17T05:37:37z,a8:48:fa:ca:a1:15,7.02,2.0+OPENLOG+15980 MB+DS3231+BME280+PMSX003-B+PMSX003-A,88,38,59,1002.94,0.02,13968,-78,69614,13.79,19.82,24.28,13.79,19.82,24.28,68,68,2402.11,688.75,139.26,18.81,1.93,1.19,13.02,20.52,23.09,13.02,20.52,23.09,69,69,2332.12,654.18,123.79,13.00,2.79,2.25
2023/08/17T05:39:37z,a8:48:fa:ca:a1:15,7.02,2.0+OPENLOG+15980 MB+DS3231+BME280+PMSX003-B+PMSX003-A,88,38,59,1002.89,0.02,13968,-80,69734,13.64,19.93,23.64,13.64,19.93,23.64,68,68,2434.18,697.23,137.43,14.79,2.71,2.07,12.28,19.19,25.82,12.28,19.19,25.82,66,66,2253.74,626.49,119.67,17.37,9.30,2.04
2023/08/17T05:41:37z,a8:48:fa:ca:a1:15,7.02,2.0+OPENLOG+15980 MB+DS3231+BME280+PMSX003-B+PMSX003-A,88,38,59,1002.84,0.02,13968,-80,69854,14.47,21.34,25.06,14.47,21.34,25.06,71,71,2499.74,726.17,149.38,18.34,1.25,0.79,13.38,19.84,27.12,13.38,19.84,27.12,68,68,2401.76,663.38,124.33,19.86,11.34,2.10
2023/08/17T05:43:37z,a8:48:fa:ca:a1:15,7.02,2.0+OPENLOG+15980 MB+DS3231+BME280+PMSX003-B+PMSX003-A,88,37,59,1002.81,0.02,14160,-79,69974,13.88,20.49,24.32,13.88,20.49,24.32,69,69,2469.84,706.53,143.74,17.09,2.18,1.86,13.95,21.23,25.30,13.95,21.23,25.30,71,71,2450.95,675.98,121.75,15.07,5.79,2.64
2023/08/17T05:45:37z,a8:48:fa:ca:a1:15,7.02,2.0+OPENLOG+15980 MB+DS3231+BME280+PMSX003-B+PMSX003-A,88,37,59,1002.84,0.02,13968,-75,70094,15.49,22.03,23.97,15.49,22.03,23.97,72,72,2597.90,747.97,145.27,12.75,2.00,2.00,13.16,20.02,23.11,13.16,20.02,23.11,68,68,2349.55,647.49,114.95,12.00,3.24,1.82
2023/08/17T05:47:37z,a8:48:fa:ca:a1:15,7.02,2.0+OPENLOG+15980 MB+DS3231+BME280+PMSX003-B+PMSX003-A,88,37,58,1002.79,0.02,13968,-77,70214,14.09,20.35,22.44,14.09,20.35,22.44,69,69,2412.93,696.75,141.15,12.04,1.05,0.65,13.60,21.23,25.72,13.60,21.23,25.72,71,71,2504.32,678.63,123.67,15.72,6.84,1.89
2023/08/17T05:49:37z,a8:48:fa:ca:a1:15,7.02,2.0+OPENLOG+15980 MB+DS3231+BME280+PMSX003-B+PMSX003-A,88,37,58,1002.78,0.02,13800,-78,70335,14.48,20.13,23.19,14.48,20.13,23.19,68,68,2432.89,705.41,129.87,11.89,2.15,1.67,14.14,21.29,26.84,14.14,21.29,26.84,71,71,2493.72,692.45,134.88,17.31,8.48,1.93
2023/08/17T05:51:37z,a8:48:fa:ca:a1:15,7.02,2.0+OPENLOG+15980 MB+DS3231+BME280+PMSX003-B+PMSX003-A,88,37,58,1002.76,0.02,13800,-75,70455,14.12,20.19,21.90,14.12,20.19,21.90,68,68,2504.79,708.86,139.78,9.62,0.41,0.41,13.78,19.83,24.13,13.78,19.83,24.13,68,68,2478.67,676.78,108.24,14.30,5.93,1.93
2023/08/17T05:53:37z,a8:48:fa:ca:a1:15,7.02,2.0+OPENLOG+15980 MB+DS3231+BME280+PMSX003-B+PMSX003-A,88,37,58,1002.72,0.02,13968,-77,70575,15.29,21.80,26.11,15.29,21.80,26.11,72,72,2601.00,751.24,151.18,15.85,3.24,1.64,13.62,19.10,24.00,13.62,19.10,24.00,66,66,2427.93,667.05,110.72,14.31,6.69,1.59
2023/08/17T05:55:37z,a8:48:fa:ca:a1:15,7.02,2.0+OPENLOG+15980 MB+DS3231+BME280+PMSX003-B+PMSX003-A,88,37,58,1002.72,0.02,13968,-76,70695,14.00,20.15,23.51,14.00,20.15,23.51,68,68,2420.35,694.42,147.31,13.05,1.27,0.80,14.33,21.55,27.00,14.33,21.55,27.00,71,71,2619.98,712.12,134.05,16.10,7.52,3.52
2023/08/17T05:57:37z,a8:48:fa:ca:a1:15,7.02,2.0+OPENLOG+15980 MB+DS3231+BME280+PMSX003-B+PMSX003-A,88,37,58,1002.67,0.02,13968,-74,70815,14.70,20.96,24.00,14.70,20.96,24.00,70,70,2536.34,725.57,139.39,15.43,1.29,0.68,12.85,19.35,27.07,12.85,19.35,27.07,67,67,2363.83,654.50,123.06,20.11,11.41,3.15
2023/08/17T05:59:37z,a8:48:fa:ca:a1:15,7.02,2.0+OPENLOG+15980 MB+DS3231+BME280+PMSX003-B+PMSX003-A,88,37,58,1002.71,0.02,13968,-69,70935,15.29,21.00,25.64,15.29,21.00,25.64,70,70,2610.00,749.67,137.34,15.97,2.93,1.86,13.51,19.47,27.15,13.51,19.47,27.15,67,67,2487.55,673.73,129.84,19.49,11.16,2.25
2023/08/17T06:01:37z,a8:48:fa:ca:a1:15,7.02,2.0+OPENLOG+15980 MB+DS3231+BME280+PMSX003-B+PMSX003-A,88,36,58,1002.61,0.02,13968,-70,71055,14.98,21.50,23.38,14.98,21.50,23.38,71,71,2516.89,730.36,145.30,11.71,0.82,0.46,13.40,20.17,26.09,13.40,20.17,26.09,68,68,2493.10,676.97,127.83,16.41,7.28,2.90
2023/08/17T06:03:37z,a8:48:fa:ca:a1:15,7.02,2.0+OPENLOG+15980 MB+DS3231+BME280+PMSX003-B+PMSX003-A,88,36,58,1002.66,0.02,13968,-72,71175,15.09,21.28,25.59,15.09,21.28,25.59,71,71,2587.56,748.70,139.57,17.04,1.78,1.44,13.86,21.66,24.86,13.86,21.66,24.86,72,72,2510.64,698.48,131.29,15.34,2.97,2.21
2023/08/17T06:05:37z,a8:48:fa:ca:a1:15,7.02,2.0+OPENLOG+15980 MB+DS3231+BME280+PMSX003-B+PMSX003-A,88,36,58,1002.66,0.02,13968,-71,71295,13.91,20.17,25.34,13.91,20.17,25.34,68,68,2439.98,706.69,147.59,15.83,3.38,2.62,13.63,20.68,22.09,13.63,20.68,22.09,70,70,2483.79,684.53,103.89,11.58,1.61,1.23
2023/08/17T06:07:37z,a8:48:fa:ca:a1:15,7.02,2.0+OPENLOG+15980 MB+DS3231+BME280+PMSX003-B+PMSX003-A,88,36,58,1002.63,0.02,13968,-71,71415,14.46,20.47,23.75,14.46,20.47,23.75,69,69,2488.84,720.35,140.51,13.47,2.11,1.19,13.66,20.20,22.62,13.66,20.20,22.62,68,68,2453.68,672.50,111.82,13.93,2.21,0.50
2023/08/17T06:09:37z,a8:48:fa:ca:a1:15,7.02,2.0+OPENLOG+15980 MB+DS3231+BME280+PMSX003-B+PMSX003-A,88,36,58,1002.62,0.02,13968,-71,71535,14.05,20.60,25.86,14.05,20.60,25.86,69,69,2437.63,694.91,150.05,22.60,1.33,1.16,12.54,18.42,20.91,12.54,18.42,20.91,65,65,2305.21,629.67,114.65,8.21,3.16,0.00
2023/08/17T06:11:37z,a8:48:fa:ca:a1:15,7.02,2.0+OPENLOG+15980 MB+DS3231+BME280+PMSX003-B+PMSX003-A,88,36,58,1002.62,0.02,13968,-76,71655,14.23,20.00,21.88,14.23,20.00,21.88,68,68,2437.61,693.64,132.41,9.46,1.93,1.29,13.17,18.81,23.52,13.17,18.81,23.52,66,66,2352.52,649.57,121.09,11.07,4.55,2.10
2023/08/17T06:13:37z,a8:48:fa:ca:a1:15,7.02,2.0+OPENLOG+15980 MB+DS3231+BME280+PMSX003-B+PMSX003-A,88,36,58,1002.56,0.02,13968,-76,71775,15.16,21.75,27.38,15.16,21.75,27.38,72,72,2547.22,740.11,150.85,20.95,3.09,2.62,13.79,19.73,21.68,13.79,19.73,21.68,67,67,2479.71,673.57,111.62,8.25,1.50,0.71
2023/08/17T06:15:37z,a8:48:fa:ca:a1:15,7.02,2.0+OPENLOG+15980 MB+DS3231+BME280+PMSX003-B+PMSX003-A,88,36,58,1002.52,0.02,13968,-74,71895,14.79,21.54,25.37,14.79,21.54,25.37,71,71,2518.26,727.32,148.42,15.79,2.88,1.33,14.11,21.88,25.36,14.11,21.88,25.36,72,72,2494.07,695.73,122.50,16.75,4.39,1.79
2023/08/17T06:17:37z,a8:48:fa:ca:a1:15,7.02,2.0+OPENLOG+15980 MB+DS3231+BME280+PMSX003-B+PMSX003-A,88,36,58,1002.56,0.02,13968,-74,72015,14.68,21.95,26.11,14.68,21.95,26.11,72,72,2551.32,745.47,152.91,17.35,2.74,2.11,15.02,20.75,25.74,15.02,20.75,25.74,70,70,2610.16,719.74,117.37,12.28,4.95,3.93
2023/08/17T06:19:37z,a8:48:fa:ca:a1:15,7.02,2.0+OPENLOG+15980 MB+DS3231+BME280+PMSX003-B+PMSX003-A,88,36,58,1002.52,0.02,13968,-76,72135,15.80,22.29,27.76,15.80,22.29,27.76,73,73,2645.13,764.93,154.65,20.91,3.85,2.84,13.90,20.39,24.37,13.90,20.39,24.37,69,69,2531.90,675.78,126.34,11.80,4.78,3.29
2023/08/17T06:21:37z,a8:48:fa:ca:a1:15,7.02,2.0+OPENLOG+15980 MB+DS3231+BME280+PMSX003-B+PMSX003-A,88,36,57,1002.60,0.02,13968,-75,72255,15.75,21.96,24.04,15.75,21.96,24.04,72,72,2622.64,751.32,161.05,10.86,0.96,0.00,13.82,21.21,27.81,13.82,21.21,27.81,71,71,2553.37,698.84,124.65,21.23,9.75,2.00
2023/08/17T06:23:37z,a8:48:fa:ca:a1:15,7.02,2.0+OPENLOG+15980 MB+DS3231+BME280+PMSX003-B+PMSX003-A,88,36,57,1002.64,0.02,13968,-75,72375,15.21,21.16,25.18,15.21,21.16,25.18,71,71,2608.79,762.23,146.53,15.79,1.54,1.16,13.93,19.83,24.31,13.93,19.83,24.31,68,68,2495.28,693.56,111.31,12.30,6.26,1.52
2023/08/17T06:25:37z,a8:48:fa:ca:a1:15,7.02,2.0+OPENLOG+15980 MB+DS3231+BME280+PMSX003-B+PMSX003-A,88,36,57,1002.59,0.02,14160,-75,72495,15.27,21.00,24.59,15.27,21.00,24.59,70,70,2597.64,746.02,144.20,12.44,2.78,1.39,13.36,20.33,24.60,13.36,20.33,24.60,69,69,2488.15,675.67,117.22,16.84,5.38,1.53
2023/08/17T06:27:37z,a8:48:fa:ca:a1:15,7.02,2.0+OPENLOG+15980 MB+DS3231+BME280+PMSX003-B+PMSX003-A,88,36,57,1002.56,0.02,13968,-72,72615,15.25,21.25,26.54,15.25,21.25,26.54,71,71,2603.21,746.07,146.23,19.02,2.67,2.04,14.19,21.11,28.21,14.19,21.11,28.21,70,70,2575.11,704.56,127.75,18.98,10.77,3.33
2023/08/17T06:29:37z,a8:48:fa:ca:a1:15,7.02,2.0+OPENLOG+15980 MB+DS3231+BME280+PMSX003-B+PMSX003-A,88,35,57,1002.57,0.02,13968,-72,72735,15.28,21.80,26.33,15.28,21.80,26.33,72,72,2602.67,753.81,141.83,18.59,1.96,1.70,13.38,20.84,29.36,13.38,20.84,29.36,70,70,2474.14,677.02,125.89,25.61,14.54,1.79
2023/08/17T06:31:37z,a8:48:fa:ca:a1:15,7.02,2.0+OPENLOG+15980 MB+DS3231+BME280+PMSX003-B+PMSX003-A,88,35,57,1002.56,0.02,13968,-72,72855,14.88,21.58,25.11,14.88,21.58,25.11,71,71,2505.42,732.65,149.77,16.19,2.04,0.77,14.29,20.79,24.14,14.29,20.79,24.14,70,70,2547.80,701.71,129.59,11.21,3.79,1.89
2023/08/17T06:33:37z,a8:48:fa:ca:a1:15,7.02,2.0+OPENLOG+15980 MB+DS3231+BME280+PMSX003-B+PMSX003-A,88,35,57,1002.50,0.02,13968,-75,72975,14.24,20.81,24.41,14.24,20.81,24.41,70,70,2423.95,698.29,145.69,16.22,1.66,1.48,14.61,20.61,26.28,14.61,20.61,26.28,69,69,2609.11,705.52,127.54,14.44,7.63,1.85
2023/08/17T06:35:37z,a8:48:fa:ca:a1:15,7.02,2.0+OPENLOG+15980 MB+DS3231+BME280+PMSX003-B+PMSX003-A,88,35,57,1002.56,0.02,13968,-77,73095,13.75,19.54,21.46,13.75,19.54,21.46,67,67,2433.75,697.79,126.52,9.00,1.14,1.14,13.81,20.17,23.55,13.81,20.17,23.55,68,68,2464.40,681.19,120.21,13.21,3.72,1.66
2023/08/17T06:37:37z,a8:48:fa:ca:a1:15,7.02,2.0+OPENLOG+15980 MB+DS3231+BME280+PMSX003-B+PMSX003-A,88,35,57,1002.58,0.02,13968,-77,73215,15.06,20.87,24.87,15.06,20.87,24.87,70,70,2557.70,742.83,143.45,15.36,1.66,0.87,13.98,20.27,28.43,13.98,20.27,28.43,69,69,2518.98,703.11,126.36,19.79,12.75,1.93
2023/08/17T06:39:37z,a8:48:fa:ca:a1:15,7.02,2.0+OPENLOG+15980 MB+DS3231+BME280+PMSX003-B+PMSX003-A,88,34,56,1002.54,0.02,13968,-77,73335,13.23,19.39,22.12,13.23,19.39,22.12,67,67,2382.32,670.23,125.72,14.14,1.16,0.91,13.16,19.28,20.61,13.16,19.28,20.61,67,67,2394.74,652.46,105.96,10.11,1.05,0.46
2023/08/17T06:41:37z,a8:48:fa:ca:a1:15,7.02,2.0+OPENLOG+15980 MB+DS3231+BME280+PMSX003-B+PMSX003-A,88,34,56,1002.47,0.02,13968,-72,73455,14.98,21.93,23.64,14.98,21.93,23.64,72,72,2596.29,747.95,145.88,11.00,1.97,1.24,14.20,20.30,22.91,14.20,20.30,22.91,69,69,2462.09,690.25,119.04,8.64,2.32,1.43
2023/08/17T06:43:37z,a8:48:fa:ca:a1:15,7.02,2.0+OPENLOG+15980 MB+DS3231+BME280+PMSX003-B+PMSX003-A,88,34,56,1002.48,0.02,13968,-72,73575,14.25,20.07,23.88,14.25,20.07,23.88,68,68,2471.36,721.27,133.11,15.14,2.11,1.79,14.22,20.40,25.10,14.22,20.40,25.10,69,69,2610.57,714.71,107.98,14.38,6.41,2.07
2023/08/17T06:45:37z,a8:48:fa:ca:a1:15,7.02,2.0+OPENLOG+15980 MB+DS3231+BME280+PMSX003-B+PMSX003-A,88,34,56,1002.51,0.02,13968,-74,73695,14.87,20.35,23.51,14.87,20.35,23.51,69,69,2500.75,727.60,129.69,11.13,3.09,1.38,13.80,20.19,24.73,13.80,20.19,24.73,68,68,2440.83,673.44,116.90,16.61,6.31,1.59
2023/08/17T06:47:37z,a8:48:fa:ca:a1:15,7.02,2.0+OPENLOG+15980 MB+DS3231+BME280+PMSX003-B+PMSX003-A,87,34,55,1002.52,0.02,13968,-75,73815,14.70,20.46,23.32,14.70,20.46,23.32,69,69,2445.84,714.72,137.04,11.96,2.07,1.30,13.61,20.35,24.16,13.61,20.35,24.16,69,69,2518.21,681.00,117.04,13.30,5.26,1.93
2023/08/17T06:49:38z,a8:48:fa:ca:a1:15,7.02,2.0+OPENLOG+15980 MB+DS3231+BME280+PMSX003-B+PMSX003-A,88,34,56,1002.48,0.02,13800,-77,73935,14.21,19.54,22.39,14.21,19.54,22.39,67,67,2432.79,705.46,123.75,12.56,0.88,0.35,13.19,20.15,24.74,13.19,20.15,24.74,68,68,2447.89,666.20,117.78,14.48,7.15,2.00
2023/08/17T06:51:38z,a8:48:fa:ca:a1:15,7.02,2.0+OPENLOG+15980 MB+DS3231+BME280+PMSX003-B+PMSX003-A,88,34,56,1002.54,0.02,13800,-77,74055,14.60,20.40,25.05,14.60,20.40,25.05,69,69,2465.40,723.29,137.00,18.73,1.53,1.20,13.79,21.03,22.95,13.79,21.03,22.95,70,70,2443.76,681.97,110.12,12.17,2.72,1.41
2023/08/17T06:53:38z,a8:48:fa:ca:a1:15,7.02,2.0+OPENLOG+15980 MB+DS3231+BME280+PMSX003-B+PMSX003-A,88,34,56,1002.48,0.02,13968,-74,74175,14.58,20.40,23.98,14.58,20.40,23.98,69,69,2497.53,714.93,138.44,16.95,1.37,1.37,13.11,19.45,21.68,13.11,19.45,21.68,67,67,2358.00,649.34,111.93,10.29,2.36,1.57
2023/08/17T06:55:38z,a8:48:fa:ca:a1:15,7.02,2.0+OPENLOG+15980 MB+DS3231+BME280+PMSX003-B+PMSX003-A,87,34,55,1002.47,0.02,13968,-75,74295,14.34,20.22,23.41,14.34,20.22,23.41,69,69,2450.22,698.05,140.60,13.55,1.45,1.45,13.93,20.86,24.37,13.93,20.86,24.37,70,70,2499.68,686.72,122.61,14.60,4.11,1.86
2023/08/17T06:57:38z,a8:48:fa:ca:a1:15,7.02,2.0+OPENLOG+15980 MB+DS3231+BME280+PMSX003-B+PMSX003-A,87,34,55,1002.49,0.02,13968,-75,74415,14.27,20.02,21.91,14.27,20.02,21.91,68,68,2402.29,686.40,132.18,11.78,1.42,0.62,14.69,21.59,25.85,14.69,21.59,25.85,71,71,2527.58,713.15,124.12,16.17,5.22,1.15
2023/08/17T06:59:38z,a8:48:fa:ca:a1:15,7.02,2.0+OPENLOG+15980 MB+DS3231+BME280+PMSX003-B+PMSX003-A,87,34,55,1002.48,0.02,13968,-74,74535,14.30,21.11,24.87,14.30,21.11,24.87,70,70,2521.42,719.64,138.75,18.75,1.89,0.83,14.10,20.72,25.24,14.10,20.72,25.24,70,70,2560.45,684.86,117.10,17.07,6.72,1.21
2023/08/17T07:01:38z,a8:48:fa:ca:a1:15,7.02,2.0+OPENLOG+15980 MB+DS3231+BME280+PMSX003-B+PMSX003-A,87,34,55,1002.47,0.02,13968,-75,74655,14.07,20.71,24.27,14.07,20.71,24.27,70,70,2519.08,720.75,142.97,16.61,1.36,0.75,15.11,21.05,25.05,15.11,21.05,25.05,70,70,2611.23,715.75,127.23,12.61,5.89,0.79
2023/08/17T07:03:38z,a8:48:fa:ca:a1:15,7.02,2.0+OPENLOG+15980 MB+DS3231+BME280+PMSX003-B+PMSX003-A,87,34,55,1002.50,0.02,13968,-75,74775,15.02,21.68,27.11,15.02,21.68,27.11,72,72,2548.29,737.09,149.68,23.96,1.79,1.64,14.02,20.93,23.71,14.02,20.93,23.71,70,70,2486.14,686.73,122.34,12.75,2.36,1.68
2023/08/17T07:05:38z,a8:48:fa:ca:a1:15,7.02,2.0+OPENLOG+15980 MB+DS3231+BME280+PMSX003-B+PMSX003-A,87,35,56,1002.49,0.02,13968,-75,74895,14.73,21.61,24.11,14.73,21.61,24.11,71,71,2541.91,728.52,143.61,13.18,0.93,0.61,13.41,19.42,23.61,13.41,19.42,23.61,67,67,2412.56,653.22,106.22,13.53,5.63,1.90
2023/08/17T07:07:38z,a8:48:fa:ca:a1:15,7.02,2.0+OPENLOG+15980 MB+DS3231+BME280+PMSX003-B+PMSX003-A,87,35,56,1002.49,0.02,13968,-75,75015,14.63,19.70,21.65,14.63,19.70,21.65,67,67,2408.72,701.19,127.59,7.78,2.52,1.48,14.26,20.22,24.33,14.26,20.22,24.33,69,69,2550.10,681.83,108.43,13.93,5.97,0.90
2023/08/17T07:09:38z,a8:48:fa:ca:a1:15,7.02,2.0+OPENLOG+15980 MB+DS3231+BME280+PMSX003-B+PMSX003-A,87,35,56,1002.53,0.02,13968,-75,75135,14.20,19.90,24.71,14.20,19.90,24.71,68,68,2509.53,719.75,133.41,15.39,2.85,2.61,13.77,19.86,22.89,13.77,19.86,22.89,68,68,2409.68,662.84,110.28,11.75,4.04,2.67
2023/08/17T07:11:38z,a8:48:fa:ca:a1:15,7.02,2.0+OPENLOG+15980 MB+DS3231+BME280+PMSX003-B+PMSX003-A,87,35,56,1002.51,0.02,13968,-76,75255,13.93,19.91,21.43,13.93,19.91,21.43,68,68,2317.50,668.24,129.31,10.76,1.93,1.52,14.50,20.19,25.91,14.50,20.19,25.91,68,68,2556.00,692.50,120.61,15.78,8.04,1.04
2023/08/17T07:13:38z,a8:48:fa:ca:a1:15,7.02,2.0+OPENLOG+15980 MB+DS3231+BME280+PMSX003-B+PMSX003-A,87,35,56,1002.46,0.02,13968,-76,75375,13.79,19.40,22.95,13.79,19.40,22.95,67,67,2395.95,682.60,129.33,14.63,1.72,1.12,14.71,20.64,24.88,14.71,20.64,24.88,69,69,2601.62,706.76,117.43,12.79,6.52,1.00
2023/08/17T07:15:38z,a8:48:fa:ca:a1:15,7.02,2.0+OPENLOG+15980 MB+DS3231+BME280+PMSX003-B+PMSX003-A,87,35,56,1002.44,0.02,13968,-76,75495,13.58,19.39,21.40,13.58,19.39,21.40,67,67,2317.05,667.56,140.05,10.07,0.98,0.35,13.24,19.91,24.07,13.24,19.91,24.07,68,68,2446.40,659.14,120.14,12.86,5.79,1.38
2023/08/17T07:17:38z,a8:48:fa:ca:a1:15,7.02,2.0+OPENLOG+15980 MB+DS3231+BME280+PMSX003-B+PMSX003-A,87,35,56,1002.43,0.02,13968,-73,75615,14.73,21.24,26.60,14.73,21.24,26.60,71,71,2474.07,720.56,148.95,22.80,2.15,1.49,12.97,18.71,21.86,12.97,18.71,21.86,65,65,2404.60,646.09,102.72,11.41,3.72,1.21
2023/08/17T07:19:38z,a8:48:fa:ca:a1:15,7.02,2.0+OPENLOG+15980 MB+DS3231+BME280+PMSX003-B+PMSX003-A,87,35,56,1002.38,0.02,13968,-73,75735,14.34,19.48,23.89,14.34,19.48,23.89,67,67,2472.96,709.61,128.32,14.14,2.68,2.21,13.13,19.78,23.70,13.13,19.78,23.70,68,68,2350.67,648.91,112.00,13.56,6.04,1.85
2023/08/17T07:21:38z,a8:48:fa:ca:a1:15,7.02,2.0+OPENLOG+15980 MB+DS3231+BME280+PMSX003-B+PMSX003-A,87,35,56,1002.34,0.02,13968,-73,75855,14.25,20.11,23.89,14.25,20.11,23.89,68,68,2437.47,695.21,138.44,17.12,0.84,0.84,13.91,20.36,23.07,13.91,20.36,23.07,69,69,2427.86,671.43,111.23,12.11,3.32,2.57
2023/08/17T07:23:38z,a8:48:fa:ca:a1:15,7.02,2.0+OPENLOG+15980 MB+DS3231+BME280+PMSX003-B+PMSX003-A,87,36,56,1002.40,0.02,14160,-73,75975,14.21,21.07,21.91,14.21,21.07,21.91,70,70,2411.84,703.20,135.91,9.82,1.00,0.50,14.90,20.52,24.10,14.90,20.52,24.10,69,69,2511.57,694.19,110.24,12.17,5.21,1.21
2023/08/17T07:25:38z,a8:48:fa:ca:a1:15,7.02,2.0+OPENLOG+15980 MB+DS3231+BME280+PMSX003-B+PMSX003-A,87,36,57,1002.34,0.02,13968,-73,76095,14.28,20.70,22.93,14.28,20.70,22.93,70,70,2494.78,710.81,142.50,13.78,0.96,0.96,13.29,19.76,22.02,13.29,19.76,22.02,68,68,2363.64,653.43,103.29,11.41,2.83,2.48
2023/08/17T07:27:38z,a8:48:fa:ca:a1:15,7.02,2.0+OPENLOG+15980 MB+DS3231+BME280+PMSX003-B+PMSX003-A,87,36,57,1002.30,0.02,13968,-76,76215,14.22,19.86,22.76,14.22,19.86,22.76,68,68,2465.39,709.34,146.00,10.07,2.00,1.29,13.83,20.17,24.06,13.83,20.17,24.06,68,68,2388.33,663.04,118.80,13.63,5.81,1.59
2023/08/17T07:29:38z,a8:48:fa:ca:a1:15,7.02,2.0+OPENLOG+15980 MB+DS3231+BME280+PMSX003-B+PMSX003-A,87,37,57,1002.26,0.02,13968,-76,76335,14.18,20.45,22.93,14.18,20.45,22.93,69,69,2474.30,715.21,139.46,12.39,0.61,0.00,13.60,21.02,25.64,13.60,21.02,25.64,70,70,2450.45,668.42,131.93,14.80,6.73,3.13
2023/08/17T07:31:38z,a8:48:fa:ca:a1:15,7.02,2.0+OPENLOG+15980 MB+DS3231+BME280+PMSX003-B+PMSX003-A,87,37,58,1002.26,0.02,13968,-76,76455,14.38,20.38,24.20,14.38,20.38,24.20,69,69,2469.32,700.05,155.98,15.18,1.46,1.04,13.81,21.07,22.74,13.81,21.07,22.74,70,70,2508.26,682.34,123.48,11.21,2.03,1.62
2023/08/17T07:33:38z,a8:48:fa:ca:a1:15,7.02,2.0+OPENLOG+15980 MB+DS3231+BME280+PMSX003-B+PMSX003-A,87,38,58,1002.21,0.02,13968,-75,76575,13.95,19.71,23.35,13.95,19.71,23.35,67,67,2408.07,689.36,141.73,15.27,1.93,1.13,14.00,19.65,23.53,14.00,19.65,23.53,67,67,2495.53,684.53,117.44,11.23,5.19,1.72
2023/08/17T07:35:38z,a8:48:fa:ca:a1:15,7.02,2.0+OPENLOG+15980 MB+DS3231+BME280+PMSX003-B+PMSX003-A,87,38,58,1002.20,0.02,13968,-72,76695,15.76,21.03,23.28,15.76,21.03,23.28,70,70,2601.16,743.53,138.19,10.14,0.28,0.00,13.86,20.43,27.34,13.86,20.43,27.34,69,69,2522.95,691.80,128.52,17.50,10.71,2.18
2023/08/17T07:37:38z,a8:48:fa:ca:a1:15,7.02,2.0+OPENLOG+15980 MB+DS3231+BME280+PMSX003-B+PMSX003-A,87,38,58,1002.19,0.02,13968,-73,76815,14.57,19.54,22.36,14.57,19.54,22.36,67,67,2502.38,718.46,128.25,12.11,0.93,0.79,14.05,20.62,23.80,14.05,20.62,23.80,69,69,2580.82,700.56,120.98,11.45,4.07,0.84
2023/08/17T07:39:38z,a8:48:fa:ca:a1:15,7.02,2.0+OPENLOG+15980 MB+DS3231+BME280+PMSX003-B+PMSX003-A,87,39,59,1002.16,0.02,13968,-74,76935,14.32,21.57,24.02,14.32,21.57,24.02,71,71,2513.68,722.16,142.41,15.25,1.18,0.71,14.34,21.02,23.22,14.34,21.02,23.22,70,70,2579.90,711.76,113.22,9.19,3.49,1.05
2023/08/17T07:41:38z,a8:48:fa:ca:a1:15,7.02,2.0+OPENLOG+15980 MB+DS3231+BME280+PMSX003-B+PMSX003-A,87,39,59,1002.20,0.02,13968,-74,77055,14.69,20.87,23.11,14.69,20.87,23.11,70,70,2542.61,713.50,146.41,11.63,0.96,0.96,14.24,20.78,27.59,14.24,20.78,27.59,70,70,2546.74,701.14,126.66,18.34,9.97,2.86
2023/08/17T07:43:38z,a8:48:fa:ca:a1:15,7.02,2.0+OPENLOG+15980 MB+DS3231+BME280+PMSX003-B+PMSX003-A,87,40,60,1002.19,0.02,13968,-73,77175,14.84,20.45,24.77,14.84,20.45,24.77,69,69,2497.23,715.14,139.36,18.38,1.64,0.93,15.47,21.95,28.67,15.47,21.95,28.67,72,72,2659.47,734.11,130.67,17.86,9.65,3.79
2023/08/17T07:45:38z,a8:48:fa:ca:a1:15,7.02,2.0+OPENLOG+15980 MB+DS3231+BME280+PMSX003-B+PMSX003-A,88,41,61,1002.18,0.02,13968,-73,77295,15.86,23.60,28.05,15.86,23.60,28.05,76,76,2701.03,789.19,169.24,18.79,1.62,1.62,15.76,22.96,29.80,15.76,22.96,29.80,74,74,2749.09,754.73,129.40,20.91,8.80,2.65
2023/08/17T07:47:38z,a8:48:fa:ca:a1:15,7.02,2.0+OPENLOG+15980 MB+DS3231+BME280+PMSX003-B+PMSX003-A,88,41,61,1002.15,0.02,13968,-73,77415,15.47,21.61,23.09,15.47,21.61,23.09,71,71,2605.74,749.02,156.07,5.96,0.95,0.74,14.63,21.82,23.98,14.63,21.82,23.98,72,72,2652.05,729.40,127.77,9.58,2.14,0.98
2023/08/17T07:49:39z,a8:48:fa:ca:a1:15,7.02,2.0+OPENLOG+15980 MB+DS3231+BME280+PMSX003-B+PMSX003-A,88,41,62,1002.13,0.02,13800,-71,77536,14.82,20.18,22.98,14.82,20.18,22.98,68,68,2562.27,729.09,135.15,10.33,1.96,0.95,16.10,22.46,27.75,16.10,22.46,27.75,73,73,2783.03,765.44,141.71,15.25,8.24,1.39
2023/08/17T07:51:39z,a8:48:fa:ca:a1:15,7.02,2.0+OPENLOG+15980 MB+DS3231+BME280+PMSX003-B+PMSX003-A,88,41,62,1002.05,0.02,13800,-71,77656,16.10,22.22,24.88,16.10,22.22,24.88,73,73,2686.81,768.90,142.31,12.69,2.31,1.48,15.81,22.87,31.08,15.81,22.87,31.08,74,74,2807.55,767.66,142.68,21.77,13.13,1.43
2023/08/17T07:53:39z,a8:48:fa:ca:a1:15,7.02,2.0+OPENLOG+15980 MB+DS3231+BME280+PMSX003-B+PMSX003-A,88,42,62,1002.02,0.02,13968,-72,77776,16.15,22.93,28.15,16.15,22.93,28.15,74,74,2727.33,790.13,159.22,20.07,2.96,1.93,15.39,22.25,28.20,15.39,22.25,28.20,73,73,2742.05,755.78,132.20,18.75,8.78,1.97
2023/08/17T07:55:39z,a8:48:fa:ca:a1:15,7.02,2.0+OPENLOG+15980 MB+DS3231+BME280+PMSX003-B+PMSX003-A,88,42,62,1001.92,0.02,13968,-74,77896,15.27,21.93,26.12,15.27,21.93,26.12,72,72,2595.16,749.66,151.93,15.89,3.43,2.68,14.76,22.19,25.49,14.76,22.19,25.49,73,73,2630.80,725.08,128.75,15.36,4.78,0.68
2023/08/17T07:57:39z,a8:48:fa:ca:a1:15,7.02,2.0+OPENLOG+15980 MB+DS3231+BME280+PMSX003-B+PMSX003-A,88,43,62,1001.90,0.02,13968,-74,78016,16.29,22.62,26.39,16.29,22.62,26.39,74,74,2773.18,797.09,155.23,15.29,1.79,1.79,15.65,22.70,29.11,15.65,22.70,29.11,74,74,2727.89,758.43,138.19,18.63,9.85,2.48
2023/08/17T07:59:39z,a8:48:fa:ca:a1:15,7.02,2.0+OPENLOG+15980 MB+DS3231+BME280+PMSX003-B+PMSX003-A,88,43,62,1001.89,0.02,13968,-73,78136,15.34,22.56,24.37,15.34,22.56,24.37,73,73,2588.19,747.75,153.54,10.34,2.51,1.32,14.32,21.93,26.40,14.32,21.93,26.40,72,72,2630.95,713.54,130.32,16.14,6.77,2.77
2023/08/17T08:01:39z,a8:48:fa:ca:a1:15,7.02,2.0+OPENLOG+15980 MB+DS3231+BME280+PMSX003-B+PMSX003-A,88,42,62,1001.88,0.02,13968,-74,78256,15.18,21.40,25.11,15.18,21.40,25.11,71,71,2548.91,741.82,147.69,15.53,1.67,1.13,14.53,21.36,28.10,14.53,21.36,28.10,71,71,2609.07,723.00,134.14,17.76,10.97,2.45
2023/08/17T08:03:39z,a8:48:fa:ca:a1:15,7.02,2.0+OPENLOG+15980 MB+DS3231+BME280+PMSX003-B+PMSX003-A,88,41,61,1001.87,0.02,13968,-71,78376,15.85,22.36,26.11,15.85,22.36,26.11,73,73,2677.42,768.02,153.78,14.58,1.93,1.75,15.41,22.83,26.26,15.41,22.83,26.26,74,74,2672.84,747.83,132.90,13.72,4.21,2.79
2023/08/17T08:05:39z,a8:48:fa:ca:a1:15,7.02,2.0+OPENLOG+15980 MB+DS3231+BME280+PMSX003-B+PMSX003-A,88,39,60,1001.86,0.02,13968,-73,78496,14.48,21.41,25.36,14.48,21.41,25.36,71,71,2514.93,723.43,150.90,18.52,0.97,0.76,14.80,21.84,27.25,14.80,21.84,27.25,72,72,2626.20,726.20,131.40,17.35,8.22,0.98
2023/08/17T08:07:39z,a8:48:fa:ca:a1:15,7.02,2.0+OPENLOG+15980 MB+DS3231+BME280+PMSX003-B+PMSX003-A,88,38,59,1001.86,0.02,13968,-73,78616,14.66,21.45,26.43,14.66,21.45,26.43,71,71,2514.21,734.78,143.29,22.45,2.07,0.97,14.46,21.80,23.36,14.46,21.80,23.36,72,72,2581.07,709.25,116.41,11.11,1.54,0.82
2023/08/17T08:09:39z,a8:48:fa:ca:a1:15,7.02,2.0+OPENLOG+15980 MB+DS3231+BME280+PMSX003-B+PMSX003-A,88,37,58,1001.84,0.02,13968,-73,78736,15.09,21.50,24.87,15.09,21.50,24.87,71,71,2544.17,736.37,145.31,15.78,2.11,0.89,13.89,19.67,25.84,13.89,19.67,25.84,67,67,2517.26,676.54,117.82,15.54,9.58,1.82
2023/08/17T08:11:39z,a8:48:fa:ca:a1:15,7.02,2.0+OPENLOG+15980 MB+DS3231+BME280+PMSX003-B+PMSX003-A,88,36,57,1001.77,0.02,13968,-74,78856,15.41,21.56,26.67,15.41,21.56,26.67,71,71,2583.06,750.00,150.80,20.78,2.74,1.11,14.55,21.71,26.48,14.55,21.71,26.48,72,72,2507.48,707.33,130.12,15.34,6.93,2.79
2023/08/17T08:13:39z,a8:48:fa:ca:a1:15,7.02,2.0+OPENLOG+15980 MB+DS3231+BME280+PMSX003-B+PMSX003-A,88,35,57,1001.80,0.02,13968,-73,78976,14.55,21.43,25.93,14.55,21.43,25.93,71,71,2537.20,725.86,150.46,19.57,2.57,1.43,14.16,20.95,24.54,14.16,20.95,24.54,70,70,2624.36,710.79,123.48,12.64,5.96,1.39
2023/08/17T08:15:39z,a8:48:fa:ca:a1:15,7.02,2.0+OPENLOG+15980 MB+DS3231+BME280+PMSX003-B+PMSX003-A,88,35,57,1001.79,0.02,13968,-73,79096,14.63,20.68,26.12,14.63,20.68,26.12,70,70,2524.68,737.39,152.82,18.63,3.33,2.32,14.40,20.73,26.16,14.40,20.73,26.16,70,70,2602.20,710.05,117.82,16.04,7.56,1.93
2023/08/17T08:17:39z,a8:48:fa:ca:a1:15,7.02,2.0+OPENLOG+15980 MB+DS3231+BME280+PMSX003-B+PMSX003-A,88,34,56,1001.75,0.02,13968,-73,79216,14.53,20.36,20.88,14.53,20.36,20.88,69,69,2472.83,711.34,134.60,5.31,0.55,0.55,14.32,21.91,23.45,14.32,21.91,23.45,72,72,2514.43,695.98,116.62,12.93,2.18,1.21
2023/08/17T08:19:39z,a8:48:fa:ca:a1:15,7.02,2.0+OPENLOG+15980 MB+DS3231+BME280+PMSX003-B+PMSX003-A,88,34,56,1001.67,0.02,13968,-73,79336,14.54,20.59,22.57,14.54,20.59,22.57,69,69,2469.89,708.76,136.69,11.11,0.70,0.70,14.43,21.16,26.48,14.43,21.16,26.48,71,71,2583.98,711.07,117.48,16.17,7.90,3.00
2023/08/17T08:21:39z,a8:48:fa:ca:a1:15,7.02,2.0+OPENLOG+15980 MB+DS3231+BME280+PMSX003-B+PMSX003-A,88,33,56,1001.60,0.02,13968,-74,79456,14.41,20.61,22.23,14.41,20.61,22.23,69,69,2482.23,707.23,141.48,9.11,2.00,1.50,13.84,20.75,26.30,13.84,20.75,26.30,70,70,2515.58,695.25,116.40,19.09,7.05,3.12
2023/08/17T08:23:39z,a8:48:fa:ca:a1:15,7.02,2.0+OPENLOG+15980 MB+DS3231+BME280+PMSX003-B+PMSX003-A,88,33,55,1001.55,0.02,13968,-74,79576,14.40,19.81,23.37,14.40,19.81,23.37,68,68,2491.05,715.72,136.14,13.54,1.33,1.05,12.87,19.42,20.84,12.87,19.42,20.84,67,67,2323.42,638.80,102.47,11.67,1.49,0.51
2023/08/17T08:25:39z,a8:48:fa:ca:a1:15,7.02,2.0+OPENLOG+15980 MB+DS3231+BME280+PMSX003-B+PMSX003-A,88,33,55,1001.50,0.02,13968,-73,79696,14.79,21.44,22.75,14.79,21.44,22.75,71,71,2514.05,736.18,140.21,8.53,1.68,0.77,13.64,20.85,26.44,13.64,20.85,26.44,70,70,2451.82,680.24,120.89,17.24,9.13,1.53
2023/08/17T08:27:39z,a8:48:fa:ca:a1:15,7.02,2.0+OPENLOG+15980 MB+DS3231+BME280+PMSX003-B+PMSX003-A,88,33,55,1001.50,0.02,13968,-73,79816,14.42,20.53,23.53,14.42,20.53,23.53,69,69,2520.23,713.40,137.91,14.30,1.62,1.62,14.21,20.69,22.22,14.21,20.69,22.22,70,70,2465.59,687.14,123.47,9.28,1.72,1.07
2023/08/17T08:29:39z,a8:48:fa:ca:a1:15,7.02,2.0+OPENLOG+15980 MB+DS3231+BME280+PMSX003-B+PMSX003-A,88,32,55,1001.50,0.02,13968,-73,79936,14.14,20.18,23.63,14.14,20.18,23.63,68,68,2455.37,713.63,141.74,14.04,1.16,0.91,13.69,20.41,24.90,13.69,20.41,24.90,69,69,2479.60,676.71,111.98,15.31,6.17,2.59
2023/08/17T08:31:39z,a8:48:fa:ca:a1:15,7.02,2.0+OPENLOG+15980 MB+DS3231+BME280+PMSX003-B+PMSX003-A,88,32,55,1001.53,0.02,13968,-74,80056,13.63,18.97,21.17,13.63,18.97,21.17,66,66,2372.14,677.00,132.86,10.98,1.02,0.88,14.45,21.18,26.88,14.45,21.18,26.88,71,71,2624.25,717.98,124.62,17.04,8.32,1.82
2023/08/17T08:33:39z,a8:48:fa:ca:a1:15,7.02,2.0+OPENLOG+15980 MB+DS3231+BME280+PMSX003-B+PMSX003-A,88,32,54,1001.51,0.02,13968,-75,80176,14.10,18.92,20.76,14.10,18.92,20.76,66,66,2451.86,697.86,116.42,6.24,2.31,1.69,13.54,20.18,21.41,13.54,20.18,21.41,68,68,2454.43,662.23,107.39,10.64,1.25,1.00
2023/08/17T08:35:39z,a8:48:fa:ca:a1:15,7.02,2.0+OPENLOG+15980 MB+DS3231+BME280+PMSX003-B+PMSX003-A,88,32,54,1001.53,0.02,13968,-75,80296,14.25,20.05,22.91,14.25,20.05,22.91,68,68,2502.53,702.82,133.56,10.70,3.89,2.25,14.17,21.31,29.14,14.17,21.31,29.14,71,71,2556.47,706.36,129.81,19.48,12.07,3.97
2023/08/17T08:37:39z,a8:48:fa:ca:a1:15,7.02,2.0+OPENLOG+15980 MB+DS3231+BME280+PMSX003-B+PMSX003-A,88,32,54,1001.47,0.02,13968,-74,80416,15.15,23.04,28.20,15.15,23.04,28.20,75,75,2632.53,765.25,160.53,24.25,3.05,1.38,14.40,21.26,25.76,14.40,21.26,25.76,71,71,2585.43,711.41,124.29,14.45,5.62,3.66
2023/08/17T08:39:39z,a8:48:fa:ca:a1:15,7.02,2.0+OPENLOG+15980 MB+DS3231+BME280+PMSX003-B+PMSX003-A,88,32,54,1001.45,0.02,13968,-74,80536,15.00,22.41,29.22,15.00,22.41,29.22,73,73,2633.54,769.12,157.61,25.93,4.17,2.71,14.07,21.88,28.70,14.07,21.88,28.70,72,72,2538.05,697.98,130.38,22.75,9.21,3.11
2023/08/17T08:41:39z,a8:48:fa:ca:a1:15,7.02,2.0+OPENLOG+15980 MB+DS3231+BME280+PMSX003-B+PMSX003-A,88,32,54,1001.44,0.02,13968,-74,80656,14.07,21.42,25.53,14.07,21.42,25.53,71,71,2474.32,714.09,143.26,17.58,3.86,3.33,13.07,21.27,27.09,13.07,21.27,27.09,71,71,2411.07,661.58,134.15,20.58,7.67,2.65
2023/08/17T08:43:39z,a8:48:fa:ca:a1:15,7.02,2.0+OPENLOG+15980 MB+DS3231+BME280+PMSX003-B+PMSX003-A,88,31,54,1001.40,0.02,13968,-71,80776,14.27,22.69,29.33,14.27,22.69,29.33,74,74,2606.84,750.22,158.69,27.89,4.07,3.27,14.43,23.11,35.62,14.43,23.11,35.62,75,75,2663.36,733.93,142.50,32.68,17.79,5.46
2023/08/17T08:45:39z,a8:48:fa:ca:a1:15,7.02,2.0+OPENLOG+15980 MB+DS3231+BME280+PMSX003-B+PMSX003-A,88,32,54,1001.39,0.02,13968,-71,80896,15.47,22.80,29.98,15.47,22.80,29.98,74,74,2663.84,762.96,159.67,24.15,6.33,4.62,14.71,22.02,32.25,14.71,22.02,32.25,72,72,2672.59,726.61,142.12,23.46,15.08,4.51
2023/08/17T08:47:39z,a8:48:fa:ca:a1:15,7.02,2.0+OPENLOG+15980 MB+DS3231+BME280+PMSX003-B+PMSX003-A,88,33,55,1001.41,0.02,13968,-71,81016,14.41,22.18,29.73,14.41,22.18,29.73,73,73,2603.52,734.91,162.14,23.48,6.36,5.25,15.88,24.34,36.68,15.88,24.34,36.68,77,77,2831.46,780.27,158.32,32.79,16.64,4.21
2023/08/17T08:49:39z,a8:48:fa:ca:a1:15,7.02,2.0+OPENLOG+15980 MB+DS3231+BME280+PMSX003-B+PMSX003-A,88,33,55,1001.43,0.02,13800,-72,81137,15.24,24.10,29.45,15.24,24.09,29.45,77,77,2621.84,760.71,175.17,24.78,5.55,2.48,14.77,23.63,33.26,14.77,23.63,33.26,76,76,2711.84,739.37,155.39,28.07,13.37,5.05
2023/08/17T08:51:39z,a8:48:fa:ca:a1:15,7.02,2.0+OPENLOG+15980 MB+DS3231+BME280+PMSX003-B+PMSX003-A,88,33,55,1001.41,0.02,13800,-71,81257,15.62,24.87,32.13,15.62,24.87,32.13,78,78,2742.81,790.44,189.23,29.29,5.19,3.35,15.03,23.32,31.66,15.03,23.32,31.66,75,75,2683.12,749.97,148.93,22.00,11.36,4.31
2023/08/17T08:53:39z,a8:48:fa:ca:a1:15,7.02,2.0+OPENLOG+15980 MB+DS3231+BME280+PMSX003-B+PMSX003-A,88,33,55,1001.37,0.02,13968,-72,81377,15.14,22.88,28.11,15.14,22.88,28.11,74,74,2608.61,754.86,162.79,24.25,3.21,2.32,15.48,24.62,37.67,15.48,24.62,37.67,78,78,2798.54,779.00,164.46,33.35,18.65,3.92
2023/08/17T08:55:39z,a8:48:fa:ca:a1:15,7.02,2.0+OPENLOG+15980 MB+DS3231+BME280+PMSX003-B+PMSX003-A,88,33,55,1001.30,0.02,13968,-72,81497,15.57,24.32,29.80,15.57,24.32,29.80,77,77,2727.48,788.12,173.21,22.64,4.82,4.04,15.95,24.89,33.69,15.95,24.89,33.67,78,78,2877.98,791.87,155.49,26.73,11.53,5.05
2023/08/17T08:57:39z,a8:48:fa:ca:a1:15,7.02,2.0+OPENLOG+15980 MB+DS3231+BME280+PMSX003-B+PMSX003-A,88,33,55,1001.31,0.02,13968,-72,81617,15.30,22.55,29.38,15.30,22.55,29.38,73,73,2617.82,758.95,159.00,22.64,6.04,4.29,15.32,23.21,29.42,15.32,23.21,29.42,75,75,2706.00,740.91,133.26,20.81,8.39,4.21
2023/08/17T08:59:39z,a8:48:fa:ca:a1:15,7.02,2.0+OPENLOG+15980 MB+DS3231+BME280+PMSX003-B+PMSX003-A,88,33,55,1001.25,0.02,13968,-72,81737,16.29,24.09,26.71,16.29,24.09,26.71,77,77,2775.87,811.15,156.31,16.04,2.00,1.64,15.34,23.28,27.41,15.34,23.28,27.41,75,75,2747.07,748.24,137.43,17.10,5.59,1.41
2023/08/17T09:01:39z,a8:48:fa:ca:a1:15,7.02,2.0+OPENLOG+15980 MB+DS3231+BME280+PMSX003-B+PMSX003-A,88,32,55,1001.25,0.02,13968,-72,81857,15.72,23.62,29.76,15.72,23.62,29.76,76,76,2724.78,786.98,172.93,24.34,4.00,2.59,14.84,22.23,28.70,14.84,22.23,28.70,73,73,2646.27,724.77,131.84,18.39,8.61,2.82
2023/08/17T09:03:39z,a8:48:fa:ca:a1:15,7.02,2.0+OPENLOG+15980 MB+DS3231+BME280+PMSX003-B+PMSX003-A,88,32,55,1001.20,0.02,13968,-77,81977,15.81,23.16,26.44,15.81,23.16,26.44,75,75,2626.74,765.11,161.51,16.49,2.53,1.75,15.89,23.00,31.07,15.89,23.00,31.07,74,74,2743.61,763.96,143.17,19.74,11.89,4.59
2023/08/17T09:05:39z,a8:48:fa:ca:a1:15,7.02,2.0+OPENLOG+15980 MB+DS3231+BME280+PMSX003-B+PMSX003-A,88,33,55,1001.20,0.02,13968,-77,82097,15.80,23.53,27.44,15.80,23.53,27.44,76,76,2688.87,770.40,165.78,20.84,2.44,0.69,15.66,23.78,32.53,15.66,23.78,32.53,76,76,2736.61,762.75,148.90,25.69,13.02,2.98
2023/08/17T09:07:39z,a8:48:fa:ca:a1:15,7.02,2.0+OPENLOG+15980 MB+DS3231+BME280+PMSX003-B+PMSX003-A,88,33,55,1001.21,0.02,13968,-77,82217,16.23,23.75,30.40,16.23,23.75,30.40,76,76,2751.57,793.98,177.32,24.58,3.28,2.00,15.75,22.67,30.09,15.75,22.67,30.09,74,74,2760.63,759.70,138.65,19.40,9.68,2.60
2023/08/17T09:09:39z,a8:48:fa:ca:a1:15,7.02,2.0+OPENLOG+15980 MB+DS3231+BME280+PMSX003-B+PMSX003-A,88,33,55,1001.14,0.02,13968,-77,82337,15.75,22.86,26.67,15.75,22.86,26.67,74,74,2682.79,776.86,158.23,13.54,3.47,2.32,15.30,23.46,30.57,15.30,23.46,30.57,75,75,2734.71,750.64,151.57,21.11,10.18,3.93
2023/08/17T09:11:39z,a8:48:fa:ca:a1:15,7.02,2.0+OPENLOG+15980 MB+DS3231+BME280+PMSX003-B+PMSX003-A,88,34,56,1001.11,0.02,13968,-77,82457,16.93,24.65,32.04,16.93,24.65,32.04,78,78,2891.56,836.35,183.60,26.89,3.85,3.24,16.88,25.61,32.20,16.88,25.61,32.20,80,80,2928.91,805.29,155.54,24.82,8.25,4.36
2023/08/17T09:13:39z,a8:48:fa:ca:a1:15,7.02,2.0+OPENLOG+15980 MB+DS3231+BME280+PMSX003-B+PMSX003-A,89,35,57,1001.13,0.02,13968,-77,82577,15.93,22.72,25.89,15.93,22.72,25.89,74,74,2679.53,773.84,155.79,13.58,2.14,1.40,14.67,23.10,29.38,14.67,23.10,29.38,75,75,2655.36,732.24,138.55,21.41,8.69,4.17
2023/08/17T09:15:39z,a8:48:fa:ca:a1:15,7.02,2.0+OPENLOG+15980 MB+DS3231+BME280+PMSX003-B+PMSX003-A,89,38,60,1001.05,0.02,13968,-77,82697,19.38,28.66,34.75,19.17,28.64,34.75,86,86,3255.79,955.87,209.11,25.02,2.68,2.42,17.91,28.00,35.96,17.81,27.82,35.81,85,85,3131.74,867.91,178.98,26.42,10.98,3.09
2023/08/17T09:17:39z,a8:48:fa:ca:a1:15,7.02,2.0+OPENLOG+15980 MB+DS3231+BME280+PMSX003-B+PMSX003-A,89,38,60,1001.04,0.02,13968,-77,82817,17.53,25.88,29.82,17.53,25.88,29.82,81,81,2966.95,847.68,173.25,19.16,3.02,2.11,17.14,25.29,34.84,17.14,25.29,34.84,79,79,3054.26,830.33,154.33,26.59,13.03,4.38
2023/08/17T09:19:39z,a8:48:fa:ca:a1:15,7.02,2.0+OPENLOG+15980 MB+DS3231+BME280+PMSX003-B+PMSX003-A,89,40,61,1000.97,0.02,13968,-76,82937,19.40,26.59,29.79,19.16,26.59,29.79,82,82,3169.45,910.60,184.78,14.24,2.59,1.10,18.29,27.55,36.80,18.27,27.55,36.80,84,84,3222.71,884.45,173.11,26.22,13.56,3.42
2023/08/17T09:21:39z,a8:48:fa:ca:a1:15,7.02,2.0+OPENLOG+15980 MB+DS3231+BME280+PMSX003-B+PMSX003-A,89,42,63,1000.96,0.02,13968,-77,83057,19.91,29.02,33.62,19.64,28.77,33.62,87,87,3330.00,957.82,202.96,22.62,2.46,1.46,18.43,27.81,36.33,18.43,27.81,36.33,85,85,3240.06,896.13,178.37,24.52,11.41,4.67
2023/08/17T09:23:39z,a8:48:fa:ca:a1:15,7.02,2.0+OPENLOG+15980 MB+DS3231+BME280+PMSX003-B+PMSX003-A,89,42,63,1000.93,0.02,13968,-77,83177,19.84,29.49,37.67,19.51,28.96,37.67,88,87,3343.53,973.95,213.49,27.96,5.96,4.04,19.04,28.95,39.12,18.95,28.79,39.12,87,87,3410.52,935.27,193.66,29.71,13.71,5.07
2023/08/17T09:25:39z,a8:48:fa:ca:a1:15,7.02,2.0+OPENLOG+15980 MB+DS3231+BME280+PMSX003-B+PMSX003-A,89,42,63,1000.88,0.02,13968,-75,83297,20.59,30.16,34.68,19.91,29.48,34.68,90,88,3467.14,1006.52,210.95,18.25,3.46,3.46,18.19,28.05,39.46,18.19,28.05,39.34,85,85,3223.32,889.81,181.46,30.20,16.95,6.92
2023/08/17T09:27:39z,a8:48:fa:ca:a1:15,7.02,2.0+OPENLOG+15980 MB+DS3231+BME280+PMSX003-B+PMSX003-A,89,42,62,1000.85,0.02,13968,-72,83417,19.71,28.31,35.05,19.22,28.19,35.05,86,85,3343.14,961.26,212.21,23.55,4.38,2.48,18.44,28.87,41.96,18.38,28.82,41.76,87,87,3285.82,902.07,190.02,38.80,19.82,4.11
2023/08/17T09:29:39z,a8:48:fa:ca:a1:15,7.02,2.0+OPENLOG+15980 MB+DS3231+BME280+PMSX003-B+PMSX003-A,89,38,60,1000.88,0.02,13968,-73,83537,17.55,25.48,29.59,17.41,25.41,29.59,80,80,2941.34,846.97,178.86,15.69,4.10,3.17,16.87,25.47,31.80,16.87,25.47,31.80,80,80,2994.60,827.62,159.62,20.04,9.42,2.25
2023/08/17T09:31:40z,a8:48:fa:ca:a1:15,7.02,2.0+OPENLOG+15980 MB+DS3231+BME280+PMSX003-B+PMSX003-A,89,37,59,1000.85,0.02,13968,-72,83657,17.82,27.16,31.89,17.68,27.16,31.89,83,83,3069.70,880.64,199.84,20.50,4.07,2.32,16.83,26.07,35.98,16.83,26.07,35.98,81,81,2973.52,830.55,174.60,26.83,14.62,6.17
2023/08/17T09:33:40z,a8:48:fa:ca:a1:15,7.02,2.0+OPENLOG+15980 MB+DS3231+BME280+PMSX003-B+PMSX003-A,89,36,59,1000.87,0.02,13968,-72,83777,17.34,24.96,31.96,17.34,24.96,31.96,79,79,3006.91,860.45,177.25,24.30,3.47,2.57,16.96,25.12,37.86,16.96,25.12,37.86,79,79,3026.58,835.56,165.26,31.33,18.70,5.68
2023/08/17T09:35:40z,a8:48:fa:ca:a1:15,7.02,2.0+OPENLOG+15980 MB+DS3231+BME280+PMSX003-B+PMSX003-A,89,36,58,1000.81,0.02,13968,-74,83897,17.36,25.55,29.91,17.36,25.55,29.91,80,80,2916.88,843.22,174.64,21.38,3.90,2.66,17.58,27.18,37.56,17.58,27.18,37.56,83,83,3127.00,876.23,178.82,30.28,15.33,3.26
2023/08/17T09:37:40z,a8:48:fa:ca:a1:15,7.02,2.0+OPENLOG+15980 MB+DS3231+BME280+PMSX003-B+PMSX003-A,89,35,58,1000.81,0.02,13968,-73,84017,17.00,24.65,30.04,17.00,24.61,30.04,78,78,2881.16,821.77,174.96,20.35,4.39,2.88,16.72,24.93,34.35,16.72,24.93,34.35,79,79,2947.33,818.96,163.98,26.74,14.85,2.96
2023/08/17T09:39:40z,a8:48:fa:ca:a1:15,7.02,2.0+OPENLOG+15980 MB+DS3231+BME280+PMSX003-B+PMSX003-A,89,35,58,1000.80,0.02,13968,-74,84137,17.84,26.55,31.16,17.84,26.55,31.16,82,82,2972.04,857.45,182.43,23.57,3.46,2.14,16.05,24.00,35.50,16.05,24.00,35.50,77,77,2922.21,808.82,154.68,30.36,17.82,2.89
2023/08/17T09:41:40z,a8:48:fa:ca:a1:15,7.02,2.0+OPENLOG+15980 MB+DS3231+BME280+PMSX003-B+PMSX003-A,89,35,57,1000.79,0.02,13968,-74,84257,17.49,25.78,32.18,17.49,25.78,32.18,80,80,2982.65,866.45,189.15,23.93,4.07,1.89,16.34,24.50,36.71,16.34,24.50,36.71,78,78,2916.86,806.18,156.89,29.93,17.89,4.79
2023/08/17T09:43:40z,a8:48:fa:ca:a1:15,7.02,2.0+OPENLOG+15980 MB+DS3231+BME280+PMSX003-B+PMSX003-A,89,34,57,1000.78,0.02,13968,-75,84377,17.83,25.43,33.00,17.83,25.43,33.00,80,80,3020.07,859.53,180.34,25.03,4.41,3.31,16.75,24.39,34.16,16.75,24.39,34.16,77,77,2921.04,820.88,149.62,24.11,14.00,3.82
2023/08/17T09:45:40z,a8:48:fa:ca:a1:15,7.02,2.0+OPENLOG+15980 MB+DS3231+BME280+PMSX003-B+PMSX003-A,89,34,57,1000.76,0.02,13968,-74,84497,17.02,25.73,30.30,17.02,25.73,30.30,80,80,2924.25,851.27,185.23,20.29,2.71,2.25,16.13,24.35,31.61,16.13,24.35,31.61,77,77,2871.50,790.63,150.70,21.52,11.00,2.19
2023/08/17T09:47:40z,a8:48:fa:ca:a1:15,7.02,2.0+OPENLOG+15980 MB+DS3231+BME280+PMSX003-B+PMSX003-A,89,33,56,1000.77,0.02,13968,-74,84617,16.61,24.16,28.32,16.61,24.16,28.32,77,77,2838.37,816.81,156.89,20.91,1.44,0.98,16.47,23.86,27.24,16.47,23.86,27.24,76,76,2908.76,803.74,132.53,12.69,4.07,1.72
2023/08/17T09:49:41z,a8:48:fa:ca:a1:15,7.02,2.0+OPENLOG+15980 MB+DS3231+BME280+PMSX003-B+PMSX003-A,89,33,56,1000.72,0.02,13800,-74,84738,17.35,25.37,29.57,17.35,25.37,29.57,79,79,2955.17,849.93,175.22,21.07,2.04,1.30,17.02,24.98,31.86,17.02,24.98,31.86,79,79,3012.26,826.49,147.05,21.79,8.74,3.65
2023/08/17T09:51:41z,a8:48:fa:ca:a1:15,7.02,2.0+OPENLOG+15980 MB+DS3231+BME280+PMSX003-B+PMSX003-A,89,32,55,1000.70,0.02,13800,-74,84858,16.88,25.55,29.83,16.88,25.55,29.83,80,80,2907.10,834.93,179.90,22.41,2.28,2.03,15.98,24.33,33.56,15.98,24.33,33.56,77,77,2913.44,798.65,157.09,25.67,11.64,4.84
2023/08/17T09:53:41z,a8:48:fa:ca:a1:15,7.02,2.0+OPENLOG+15980 MB+DS3231+BME280+PMSX003-B+PMSX003-A,89,32,55,1000.68,0.02,13968,-74,84978,16.61,23.82,28.11,16.61,23.82,28.11,76,76,2806.23,813.93,159.30,19.43,2.18,1.46,15.95,24.34,34.25,15.95,24.34,34.25,77,77,2846.36,786.05,149.75,28.21,16.14,2.50
2023/08/17T09:55:41z,a8:48:fa:ca:a1:15,7.02,2.0+OPENLOG+15980 MB+DS3231+BME280+PMSX003-B+PMSX003-A,88,32,54,1000.63,0.02,13968,-75,85098,17.24,24.52,30.50,17.24,24.52,30.50,78,78,2898.39,841.85,169.54,23.93,2.63,1.74,16.29,24.78,33.45,16.29,24.78,33.45,78,78,2888.79,804.22,156.55,24.41,11.45,2.97
2023/08/17T09:57:41z,a8:48:fa:ca:a1:15,7.02,2.0+OPENLOG+15980 MB+DS3231+BME280+PMSX003-B+PMSX003-A,88,31,54,1000.64,0.02,13968,-74,85218,16.44,23.67,28.37,16.44,23.67,28.37,76,76,2826.63,811.49,156.07,21.68,2.14,1.40,16.16,23.96,33.46,16.16,23.96,33.46,76,76,2906.63,805.30,152.63,24.07,14.25,3.02
2023/08/17T09:59:41z,a8:48:fa:ca:a1:15,7.02,2.0+OPENLOG+15980 MB+DS3231+BME280+PMSX003-B+PMSX003-A,88,31,53,1000.64,0.02,13968,-75,85338,15.35,23.02,26.37,15.35,23.02,26.37,74,74,2768.42,796.47,163.56,12.91,1.79,1.30,16.65,24.46,30.24,16.65,24.46,30.24,78,78,2885.33,805.48,145.41,17.44,7.56,3.48
2023/08/17T10:01:41z,a8:48:fa:ca:a1:15,7.02,2.0+OPENLOG+15980 MB+DS3231+BME280+PMSX003-B+PMSX003-A,88,31,53,1000.60,0.02,13968,-74,85458,17.64,24.74,28.66,17.64,24.74,28.66,78,78,2956.70,862.25,159.85,19.32,1.89,1.40,16.61,24.95,31.35,16.61,24.95,31.35,79,79,2874.05,799.77,148.12,24.60,9.61,1.12
2023/08/17T10:03:41z,a8:48:fa:ca:a1:15,7.02,2.0+OPENLOG+15980 MB+DS3231+BME280+PMSX003-B+PMSX003-A,88,31,54,1000.55,0.02,13968,-72,85578,17.04,24.69,29.00,17.04,24.69,29.00,78,78,2891.07,836.16,170.98,21.49,1.27,0.80,17.27,25.00,33.81,17.27,25.00,33.81,79,79,3024.41,830.37,145.61,23.25,12.78,3.59
2023/08/17T10:05:41z,a8:48:fa:ca:a1:15,7.02,2.0+OPENLOG+15980 MB+DS3231+BME280+PMSX003-B+PMSX003-A,88,32,54,1000.57,0.02,13968,-76,85698,17.22,25.53,29.05,17.22,25.53,29.05,80,80,2898.93,835.67,173.73,18.62,1.53,1.24,16.34,23.16,29.34,16.34,23.16,29.34,75,75,2877.67,786.40,144.22,16.41,8.10,3.52
2023/08/17T10:07:41z,a8:48:fa:ca:a1:15,7.02,2.0+OPENLOG+15980 MB+DS3231+BME280+PMSX003-B+PMSX003-A,88,32,54,1000.54,0.02,13968,-74,85818,17.48,25.23,27.86,17.48,25.23,27.86,79,79,2909.79,841.20,167.11,14.00,1.89,1.75,17.49,25.45,35.70,17.49,25.45,35.70,80,80,2996.94,833.60,165.42,25.92,16.00,2.94
2023/08/17T10:09:41z,a8:48:fa:ca:a1:15,7.02,2.0+OPENLOG+15980 MB+DS3231+BME280+PMSX003-B+PMSX003-A,88,32,54,1000.51,0.02,13968,-77,85938,17.58,26.44,30.35,17.58,26.44,30.35,82,82,3019.11,869.84,183.88,20.18,3.12,2.39,17.36,24.07,30.88,17.36,24.07,30.88,77,77,2904.75,808.18,152.73,18.36,7.50,4.64
2023/08/17T10:11:41z,a8:48:fa:ca:a1:15,7.02,2.0+OPENLOG+15980 MB+DS3231+BME280+PMSX003-B+PMSX003-A,88,32,54,1000.49,0.02,13968,-77,86058,18.00,25.46,28.16,17.86,25.46,28.16,80,80,3000.91,861.91,162.66,15.14,1.93,1.46,17.89,25.64,34.31,17.89,25.64,34.31,80,80,3016.09,840.07,157.75,24.76,13.60,1.35
2023/08/17T10:13:41z,a8:48:fa:ca:a1:15,7.02,2.0+OPENLOG+15980 MB+DS3231+BME280+PMSX003-B+PMSX003-A,88,32,54,1000.47,0.02,13968,-77,86178,17.76,25.33,30.65,17.73,25.33,30.65,79,79,3032.51,869.45,171.05,19.85,3.05,2.47,17.54,26.56,34.51,17.54,26.56,34.51,82,82,3025.58,845.42,174.28,24.88,10.88,3.75
2023/08/17T10:15:41z,a8:48:fa:ca:a1:15,7.02,2.0+OPENLOG+15980 MB+DS3231+BME280+PMSX003-B+PMSX003-A,88,31,54,1000.44,0.02,13968,-76,86298,17.93,26.75,30.40,17.93,26.75,30.40,82,82,3069.95,881.16,177.91,16.11,5.19,3.61,18.75,26.80,35.53,18.75,26.80,35.53,83,83,3189.71,862.95,174.84,26.25,10.91,3.49
2023/08/17T10:17:41z,a8:48:fa:ca:a1:15,7.02,2.0+OPENLOG+15980 MB+DS3231+BME280+PMSX003-B+PMSX003-A,88,32,54,1000.46,0.02,13968,-77,86418,18.12,25.83,29.07,18.05,25.83,29.07,80,80,3052.24,875.86,171.84,16.28,1.97,1.83,17.53,25.05,35.81,17.53,25.05,35.77,79,79,3007.00,837.86,157.82,26.32,16.04,4.07
2023/08/17T10:19:41z,a8:48:fa:ca:a1:15,7.02,2.0+OPENLOG+15980 MB+DS3231+BME280+PMSX003-B+PMSX003-A,88,32,54,1000.46,0.02,13968,-78,86538,18.25,26.11,29.58,18.25,26.11,29.58,81,81,3071.66,875.66,173.55,17.04,2.34,1.55,17.86,25.12,34.28,17.86,25.12,34.28,79,79,3001.16,837.61,159.23,21.09,12.25,5.30
2023/08/17T10:21:41z,a8:48:fa:ca:a1:15,7.02,2.0+OPENLOG+15980 MB+DS3231+BME280+PMSX003-B+PMSX003-A,88,32,54,1000.37,0.02,13968,-76,86658,19.42,28.13,33.27,19.15,27.95,33.27,85,85,3296.84,946.87,203.67,20.87,3.05,2.04,19.24,26.78,32.57,19.24,26.78,32.53,82,82,3141.93,883.16,153.76,19.52,8.24,2.48